Workbook

Sheet Missing Report Comm.-DE
B1: ADVERTISING MISSING REPORT, COMMERCIAL
B2: 30 Jul 25 to 05 Aug 25
R3: Numbers = Cms
B4: KARACHI | H4: 30'Jul to 05'Aug | K4: 01'Jul to 05'Aug
B5: Sr.# | C5: Clients | D5: Brands | E5: Agency Name | F5: Category | G5: Marketing Executive | H5: EXP | I5: JANG | J5: NWQ | K5: EXP | L5: JANG | M5: NWQ | N5: % change vs Jang | O5: % change vs. NWQ | P5: # of Visits | Q5: Estimated Value of Adv. | R5: Minutes Of Meeting | AL5: Feb'24
B6: 1 | C6: SONERI BANK (KARACHI) | D6: SONERI BANK LIMITED (CORPORATE) | E6: OMD | F6: ROP | H6: 0 | I6: 2160 | J6: 0 | K6: 0 | L6: 2160 | M6: 0 | N6: =IFERROR(K6/L6-1,0) -> -1 | O6: =IFERROR(K6/M6-1,0) -> 0 | R6: Management of Soneri Bank wants to advertise in only Jang for its one of ad in urdu newspapers.
B8: ISLAMABAD | H8: =+H4 -> 30'Jul to 05'Aug | K8: =+K4 -> 01'Jul to 05'Aug
B9: Sr.# | C9: Clients | D9: Brands | E9: Agency Name | F9: Category | G9: Marketing Executive | H9: EXP | I9: JANG | J9: NWQ | K9: EXP | L9: JANG | M9: NWQ | N9: % change vs Jang | O9: % change vs. NWQ | P9: # of Visits | Q9: Estimated Value of Adv. | R9: Minutes Of Meeting
B10: 1 | C10: ASKARI COMMERCIAL BANK (ISB) | D10: ASKARI BANK (HAJJ POLICY) | E10: Group M, Khi | F10: ROP | G10: Muneer Hussein | H10: 0 | I10: 540 | J10: 432 | K10: 0 | L10: 540 | M10: 432 | N10: =IFERROR(K10/L10-1,0) -> -1 | O10: =IFERROR(K10/M10-1,0) -> -1 | R10: It is published in Express, combined on 6th August at Back-page.
B11: 2 | C11: MAROOF INTERNATIONAL HOSPITAL | D11: MAROOF INTERNATIONAL HOSPITAL | E11: Orient | F11: ROP | G11: Farrukh Abbasi | H11: 0 | I11: 60 | J11: 0 | K11: 0 | L11: 120 | M11: 0 | N11: =IFERROR(K11/L11-1,0) -> -1 | O11: =IFERROR(K11/M11-1,0) -> 0 | R11: This is JMW magazine deal ad. Client has refused magazine deal with Express.
B12: 3 | C12: CAPITAL UNIVERSITY OF SCIENCE AND TECHNOLOGY | D12: CAPITAL UNIVERSITY OF SCIENCE AND TECHNO | E12: Impact Advt. Lhr | F12: EDU | G12: Faizan Bin Ishtaique | H12: 0 | I12: 216 | J12: 216 | K12: 0 | L12: 216 | M12: 216 | N12: =IFERROR(K12/L12-1,0) -> -1 | O12: =IFERROR(K12/M12-1,0) -> -1 | R12: Old name MAJU now is CUST & released from Lahore.
B13: 4 | C13: MY UNIVERSITY | D13: MY UNIVERSITY | E13: C J / Smartways | F13: EDU | G13: Faizan Bin Ishtaique | H13: 0 | I13: 60 | J13: 0 | K13: 0 | L13: 240 | M13: 0 | N13: =IFERROR(K13/L13-1,0) -> -1 | O13: =IFERROR(K13/M13-1,0) -> 0 | R13: Follow-up in progress.
B17: LAHORE | H17: =+H4 -> 30'Jul to 05'Aug | K17: =+K8 -> 01'Jul to 05'Aug
B18: Sr.# | C18: Clients | D18: Brands | E18: Agency Name | F18: Category | G18: Marketing Executive | H18: EXP | I18: JANG | J18: NWQ | K18: EXP | L18: JANG | M18: NWQ | N18: % change vs Jang | O18: % change vs. NWQ | P18: # of Visits | Q18: Estimated Value of Adv. | R18: Minutes Of Meeting | S18: `
B19: 1 | C19: GLOBAL ECONO TRADE (PVT) LTD | D19: GLOBAL ECONO TRADE (PVT) LTD | E19: Sv | F19: ROP | G19: Shirmeen Khurram/Suleman Afzal | H19: 0 | I19: 240 | J19: 0 | K19: 0 | L19: 540 | M19: 0 | N19: =IFERROR(K19/L19-1,0) -> -1 | O19: =IFERROR(K19/M19-1,0) -> 0 | R19: Rate given to client but client did not given approval
B20: =B19+1 -> 2 | C20: GLOBAL ECONO TRADE (PVT) LTD | D20: TREET HYGIENE RAZOR | E20: SV | F20: ROP | G20: Shirmeen Khurram/Suleman Afzal | H20: 0 | I20: 0 | J20: 420 | K20: 0 | L20: 660 | M20: 660 | N20: =IFERROR(K20/L20-1,0) -> -1 | O20: =IFERROR(K20/M20-1,0) -> -1 | R20: Rate given to client but client did not given approval
B21: =B20+1 -> 3 | C21: BEACONHOUSE NATIONAL UNIVERSITY | D21: BEACONHOUSE NATIONAL UNIVERSITY | E21: CJ | F21: EDU | G21: Shirmeen Khurram / Raja Naseer | H21: 0 | I21: 924 | J21: 0 | K21: 0 | L21: 924 | M21: 0 | N21: =IFERROR(K21/L21-1,0) -> -1 | O21: =IFERROR(K21/M21-1,0) -> 0 | R21: Jang priorety.
B22: =B21+1 -> 4 | C22: FALCON EDUCATION & CONSULTANCY SERVICES | D22: FALCON EDUCATION & CONSULTANCY SERVICES | E22: Direct | F22: EDU | G22: Shirmeen Khurram / Raja Naseer | H22: 0 | I22: 117 | J22: 0 | K22: 0 | L22: 249 | M22: 0 | N22: =IFERROR(K22/L22-1,0) -> -1 | O22: =IFERROR(K22/M22-1,0) -> 0 | R22: Jang priorety ,He is friend of Mr Sarmad Ali.
B23: =B22+1 -> 5 | C23: UNIQUE GROUP OF INSTITUTIONS | D23: UNIQUE GROUP OF INSTITUTIONS | E23: Velocity | F23: EDU | G23: Shirmeen Khurram / Raja Naseer | H23: 0 | I23: 540 | J23: 0 | K23: 0 | L23: 756 | M23: 0 | N23: =IFERROR(K23/L23-1,0) -> -1 | O23: =IFERROR(K23/M23-1,0) -> 0 | R23: Jang priorety broad sheet ad.
B24: =B23+1 -> 6 | C24: UNIVERSITY OF MANAGEMENT & TECHNOLOGY | D24: UNIVERSITY OF MANAGEMENT&TECHNOLOGY(UMT) | E24: Fv | F24: EDU | G24: Shirmeen Khurram / Raja Naseer | H24: 0 | I24: 0 | J24: 360 | K24: 360 | L24: 1260 | M24: 360 | N24: =IFERROR(K24/L24-1,0) -> -0.71428571 | O24: =IFERROR(K24/M24-1,0) -> 0 | R24: Published on 11, July 15x8 Guj+Fsd+Sar+Mul+Isb. & pubished 13, july 15x8 only lhr DE.

Sheet Missing Report Comm.-ET
B1: ADVERTISING MISSING REPORT, COMMERCIAL
B2: 30 Jul 25 to 05 Aug 25
S3: Numbers = Cms
B4: KARACHI | I4: 30'Jul to 05'Aug | L4: 01'Jul to 05'Aug
B5: Sr.# | C5: Clients | D5: Brands | E5: Agency Name | F5: Category | G5: Agency | H5: Marketing Executive | I5: ET | J5: DAWN | K5: NEWS | L5: ET | M5: DAWN | N5: NEWS | O5: % change vs Dawn | P5: % change vs The News | Q5: # of Visits | R5: Estimated Value of Adv. | S5: Minutes Of Meeting
B6: 1 | C6: HONDA ATLAS | D6: HONDA (CG-125)DELUX | E6: Adcom | F6: ROP | H6: Zain/Khilji | I6: 0 | J6: 360 | K6: 0 | L6: 0 | M6: 720 | N6: 0 | O6: =IFERROR(L6/M6-1,0) -> -1 | P6: =IFERROR(L6/N6-1,0) -> 0 | S6: We have exclusive ad in DE on 30th, 31st july 15x8 and on 6th Aug ( Half Page), they Opted dawn only as english newspapers
B7: 2 | F7: ROP | O7: =IFERROR(L7/M7-1,0) -> 0 | P7: =IFERROR(L7/N7-1,0) -> 0
B8: 1 | C8: SONERI BANK (KARACHI) | D8: SONERI BANK LIMITED (CORPORATE) | E8: OMD | F8: ROP | H8: Kamran Khilji / Zohaib Waheed | I8: 0 | J8: 1296 | K8: 0 | L8: 0 | M8: 1296 | N8: 0 | O8: =IFERROR(L8/M8-1,0) -> -1 | P8: =IFERROR(L8/N8-1,0) -> 0 | S8: Management of Soneri Bank wants to advertise in only Dawn for its one of ad in English newspapers.
B11: ISLAMABAD | I11: =+I4 -> 30'Jul to 05'Aug | L11: =+L4 -> 01'Jul to 05'Aug
B13: Sr.# | C13: Clients | D13: Brands | E13: Agency Name | F13: Category | G13: Agency | H13: Marketing Executive | I13: ET | J13: DAWN | K13: NEWS | L13: ET | M13: DAWN | N13: NEWS | O13: % change vs Dawn | P13: % change vs The News | Q13: # of Visits | R13: Estimated Value of Adv. | S13: Minutes Of Meeting
B14: 1 | C14: MAROOF INTERNATIONAL HOSPITAL | D14: MAROOF INTERNATIONAL HOSPITAL | E14: Orient | F14: ROP | H14: Farrukh Abbasi | I14: 0 | J14: 0 | K14: 60 | L14: 0 | M14: 0 | N14: 120 | O14: =IFERROR(L14/M14-1,0) -> 0 | P14: =IFERROR(L14/N14-1,0) -> -1 | S14: This is JMW magazine deal ad. Client has refused magazine deal with Tribune.
B18: LAHORE | I18: =+I4 -> 30'Jul to 05'Aug | L18: =+L4 -> 01'Jul to 05'Aug
B20: Sr.# | C20: Clients | D20: Brands | E20: Agency Name | F20: Category | G20: Agency | H20: Marketing Executive | I20: ET | J20: DAWN | K20: NEWS | L20: ET | M20: DAWN | N20: NEWS | O20: % change vs Dawn | P20: % change vs The News | Q20: # of Visits | R20: Estimated Value of Adv. | S20: Minutes Of Meeting | AL20: Feb'24
B21: 1 | C21: BEACONHOUSE NATIONAL UNIVERSITY | D21: BEACONHOUSE NATIONAL UNIVERSITY | E21: CJ | F21: EDU | H21: Shirmeen khurram / Raja Naseer | I21: 0 | J21: 360 | K21: 0 | L21: 0 | M21: 360 | N21: 0 | O21: =IFERROR(L21/M21-1,0) -> -1 | P21: =IFERROR(L21/N21-1,0) -> 0 | R21: Jang News priority, this ad against Expo deal, Working on it. | S21: Dawn priorety.

Sheet Missing Report Govt.-DE
B1: ADVERTISING MISSING REPORT, GOVERNMENT
B2: 30 Jul 25 to 05 Aug 25
Q3: Numbers = Cms
H4: 30'Jul to 05'Aug | K4: 01'Jul to 05'Aug
B5: Sr.# | C5: Clients | D5: Category | E5: Agency Name | F5: City | G5: Marketing Executive | H5: EXP | I5: JANG | J5: NWQT | K5: EXP | L5: JANG | M5: NWQT | N5: % change vs JANG | O5: % change vs NWQT | P5: # of Visits | Q5: Minutes Of Meeting | AK5: Feb'24
B6: 1 | C6: KARACHI INFRASTRUCTURE DEVELOPMENT COMPANY LIMITED (KIDCL) | D6: PID(K) | E6: PID | F6: Karachi | G6: Kashif Nazeer | H6: 0 | I6: 2160 | J6: 0 | K6: 648 | L6: 2250 | M6: 216 | N6: =IFERROR(K6/L6-1,0) -> -0.712 | O6: =IFERROR(K6/M6-1,0) -> 2 | Q6: As per govt policy media fainalize by PID and they have release their ads CM wise not Client wise.
C7: PAKISTAN INTERNATIONAL AIRLINES (PIA) | D7: PID(K) | E7: PID | F7: Karachi | G7: Irshad Ali | H7: 198 | I7: 564 | J7: 312 | K7: 570 | L7: 1983 | M7: 714 | N7: =IFERROR(K7/L7-1,0) -> -0.71255673 | O7: =IFERROR(K7/M7-1,0) -> -0.20168067 | Q7: As per govt policy media fainalize by PID and they have release their ads CM wise not Client wise.
C8: TRADING CORPORATION OF PAKISTAN(TCP) | D8: PID(K) | E8: PID | F8: Karachi | G8: Irshad Ali | H8: 240 | I8: 484 | J8: 60 | K8: 482 | L8: 1429 | M8: 181 | N8: =IFERROR(K8/L8-1,0) -> -0.66270119 | O8: =IFERROR(K8/M8-1,0) -> 1.6629834 | Q8: As per govt policy media fainalize by PID and they have release their ads CM wise not Client wise.
B9: =B6+1 -> 2 | C9: NATIONAL INSURANCE COMPANY LTD. | D9: PID(K) | E9: PID | F9: Karachi | G9: Kashif Nazeer | H9: 0 | I9: 480 | J9: 135 | K9: 0 | L9: 480 | M9: 179 | N9: =IFERROR(K9/L9-1,0) -> -1 | O9: =IFERROR(K9/M9-1,0) -> -1 | Q9: As per govt policy media fainalize by PID and they have release their ads CM wise not Client wise.
B10: =B9+1 -> 3 | C10: SUI SOUTHERN GAS COMPANY (SSGC) | D10: PID(K) | E10: PID | F10: Karachi | G10: Kashif Nazeer | H10: 80 | I10: 240 | J10: 0 | K10: 352 | L10: 672 | M10: 0 | N10: =IFERROR(K10/L10-1,0) -> -0.47619048 | O10: =IFERROR(K10/M10-1,0) -> 0 | Q10: As per govt policy media fainalize by PID and they have release their ads CM wise not Client wise.

Sheet Missing Report Govt.-ET
B1: ADVERTISING MISSING REPORT, GOVERNMENT
B2: 30 Jul 25 to 05 Aug 25
I4: 30'Jul to 05'Aug | L4: 01'Jul to 05'Aug
B5: Sr.# | C5: Clients | D5: Category | E5: Agency Name | F5: City | G5: Agency | H5: Marketing Executive | I5: ET | J5: DAWN | K5: NEWS | L5: ET | M5: DAWN | N5: NEWS | O5: % change vs Dawn | P5: % change vs The News | Q5: # of Visits | R5: Estimated Value of Adv. | S5: Minutes Of Meeting | AM5: Feb'24
B6: 1 | C6: STATE BANK OF PAKISTAN (SBP) | D6: PID(K) | E6: PID | F6: Karachi | H6: Irshad Ali | I6: 0 | J6: 0 | K6: 108 | L6: 198 | M6: 0 | N6: 753 | O6: =IFERROR(L6/M6-1,0) -> 0 | P6: =IFERROR(L6/N6-1,0) -> -0.73705179 | S6: As per govt policy media fainalize by PID and they have release their ads CM wise not Client wise.

Sheet FED-PID(ALL)
A1: Total PIDs Revenues (Federal Government)
A2: From 01/01/2021 To 05/8/2025
A4: Rs in million
B5: Jan'21 | C5: Feb'21 | D5: Mar'21 | E5: Apr'21 | F5: May'21 | G5: Jun'21 | H5: Jul'21 | I5: Aug'21 | J5: Sep'21 | K5: Oct'21 | L5: Nov'21 | M5: Dec'21 | N5: Jan'22 | O5: Feb'22 | P5: Mar'22 | Q5: Apr'22 | R5: May'22 | S5: Jun'22 | T5: Jul'22 | U5: Aug'22 | V5: Sep'22 | W5: Oct'22 | X5: Nov'22 | Y5: Dec'22 | Z5: Jan'23 | AA5: Feb'23 | AB5: Mar'23 | AC5: Apr'23 | AD5: May'23 | AE5: Jun'23 | AF5: Jul'23 | AG5: Aug'23 | AH5: Sep'23 | AI5: Oct'23 | AJ5: Nov'23 | AK5: Dec'23 | AL5: Jan'24 | AM5: Feb'24 | AN5: Mar'24 | AO5: Apr'24 | AP5: May'24 | AQ5: Jun'24 | AR5: Jul'24 | AS5: Aug'24 | AT5: Sep'24 | AU5: Oct'24 | AV5: Nov'24 | AW5: Dec'24 | AX5: Jan'25 | AY5: Feb'25 | AZ5: Mar'25 | BA5: Apr'25 | BB5: May'25 | BC5: Jun'25 | BD5: Jul'25 | BE5: 1-5-Aug'25 | BF5: TOTAL
A6: URDU DAILIES
A7: Jang | B7: =IFERROR('FED-PID(I)'!B7+'FED-PID(K)'!B7+'FED-PID(L)'!B7+'FED-PID(P)'!B7,"") -> 15.09734 | C7: =IFERROR('FED-PID(I)'!C7+'FED-PID(K)'!C7+'FED-PID(L)'!C7+'FED-PID(P)'!C7,"") -> 10.691751 | D7: =IFERROR('FED-PID(I)'!D7+'FED-PID(K)'!D7+'FED-PID(L)'!D7+'FED-PID(P)'!D7,"") -> 10.29 | E7: =IFERROR('FED-PID(I)'!E7+'FED-PID(K)'!E7+'FED-PID(L)'!E7+'FED-PID(P)'!E7,"") -> 5.6 | F7: =IFERROR('FED-PID(I)'!F7+'FED-PID(K)'!F7+'FED-PID(L)'!F7+'FED-PID(P)'!F7,"") -> 12.879561 | G7: =IFERROR('FED-PID(I)'!G7+'FED-PID(K)'!G7+'FED-PID(L)'!G7+'FED-PID(P)'!G7,"") -> 10.394322 | H7: =IFERROR('FED-PID(I)'!H7+'FED-PID(K)'!H7+'FED-PID(L)'!H7+'FED-PID(P)'!H7,"") -> 11.328498 | I7: =IFERROR('FED-PID(I)'!I7+'FED-PID(K)'!I7+'FED-PID(L)'!I7+'FED-PID(P)'!I7,"") -> 12.018702 | ... AQ7: =IFERROR('FED-PID(I)'!AQ7+'FED-PID(K)'!AQ7+'FED-PID(L)'!AQ7+'FED-PID(P)'!AQ7,"") -> 32.212635 | AR7: ='FED-PID(K)'!AR7+'FED-PID(L)'!AR7+'FED-PID(I)'!AR7+'FED-PID(P)'!AR7 -> 29.44508 | AS7: ='FED-PID(K)'!AS7+'FED-PID(L)'!AS7+'FED-PID(I)'!AS7+'FED-PID(P)'!AS7 -> 37.099255 | AT7: ='FED-PID(K)'!AT7+'FED-PID(L)'!AT7+'FED-PID(I)'!AT7+'FED-PID(P)'!AT7 -> 36.020275 | AU7: ='FED-PID(K)'!AU7+'FED-PID(L)'!AU7+'FED-PID(I)'!AU7+'FED-PID(P)'!AU7 -> 30.274132 | AV7: ='FED-PID(K)'!AV7+'FED-PID(L)'!AV7+'FED-PID(I)'!AV7+'FED-PID(P)'!AV7 -> 29.486003 | AW7: ='FED-PID(K)'!AW7+'FED-PID(L)'!AW7+'FED-PID(I)'!AW7+'FED-PID(P)'!AW7 -> 41.110961 | AX7: ='FED-PID(K)'!AX7+'FED-PID(L)'!AX7+'FED-PID(I)'!AX7+'FED-PID(P)'!AX7 -> 32.890629 | AY7: ='FED-PID(K)'!AY7+'FED-PID(L)'!AY7+'FED-PID(I)'!AY7+'FED-PID(P)'!AY7 -> 35.153729 | ... BE7: ='FED-PID(K)'!BE7+'FED-PID(L)'!BE7+'FED-PID(I)'!BE7+'FED-PID(P)'!BE7 -> 5.630406 | BF7: =SUM(OFFSET(BF7,0,-1,):OFFSET(BF7,0,-8)) -> 263.85188
A8: Nawa-e-Waqt | B8: =IFERROR('FED-PID(I)'!B8+'FED-PID(K)'!B8+'FED-PID(L)'!B8+'FED-PID(P)'!B8,"") -> 6.907712 | C8: =IFERROR('FED-PID(I)'!C8+'FED-PID(K)'!C8+'FED-PID(L)'!C8+'FED-PID(P)'!C8,"") -> 7.841268 | D8: =IFERROR('FED-PID(I)'!D8+'FED-PID(K)'!D8+'FED-PID(L)'!D8+'FED-PID(P)'!D8,"") -> 7.52 | E8: =IFERROR('FED-PID(I)'!E8+'FED-PID(K)'!E8+'FED-PID(L)'!E8+'FED-PID(P)'!E8,"") -> 7.1 | F8: =IFERROR('FED-PID(I)'!F8+'FED-PID(K)'!F8+'FED-PID(L)'!F8+'FED-PID(P)'!F8,"") -> 7.106668 | G8: =IFERROR('FED-PID(I)'!G8+'FED-PID(K)'!G8+'FED-PID(L)'!G8+'FED-PID(P)'!G8,"") -> 7.72515 | H8: =IFERROR('FED-PID(I)'!H8+'FED-PID(K)'!H8+'FED-PID(L)'!H8+'FED-PID(P)'!H8,"") -> 7.072632 | I8: =IFERROR('FED-PID(I)'!I8+'FED-PID(K)'!I8+'FED-PID(L)'!I8+'FED-PID(P)'!I8,"") -> 12.081801 | ... AQ8: =IFERROR('FED-PID(I)'!AQ8+'FED-PID(K)'!AQ8+'FED-PID(L)'!AQ8+'FED-PID(P)'!AQ8,"") -> 7.74 | AR8: ='FED-PID(K)'!AR8+'FED-PID(L)'!AR8+'FED-PID(I)'!AR8+'FED-PID(P)'!AR8 -> 10.785364 | AS8: ='FED-PID(K)'!AS8+'FED-PID(L)'!AS8+'FED-PID(I)'!AS8+'FED-PID(P)'!AS8 -> 12.732163 | AT8: ='FED-PID(K)'!AT8+'FED-PID(L)'!AT8+'FED-PID(I)'!AT8+'FED-PID(P)'!AT8 -> 9.391413 | AU8: ='FED-PID(K)'!AU8+'FED-PID(L)'!AU8+'FED-PID(I)'!AU8+'FED-PID(P)'!AU8 -> 12.58 | AV8: ='FED-PID(K)'!AV8+'FED-PID(L)'!AV8+'FED-PID(I)'!AV8+'FED-PID(P)'!AV8 -> 7.743317 | AW8: ='FED-PID(K)'!AW8+'FED-PID(L)'!AW8+'FED-PID(I)'!AW8+'FED-PID(P)'!AW8 -> 11.499045 | AX8: ='FED-PID(K)'!AX8+'FED-PID(L)'!AX8+'FED-PID(I)'!AX8+'FED-PID(P)'!AX8 -> 7.947808 | AY8: ='FED-PID(K)'!AY8+'FED-PID(L)'!AY8+'FED-PID(I)'!AY8+'FED-PID(P)'!AY8 -> 8.511337 | ... BE8: ='FED-PID(K)'!BE8+'FED-PID(L)'!BE8+'FED-PID(I)'!BE8+'FED-PID(P)'!BE8 -> 1.911112 | BF8: =SUM(OFFSET(BF8,0,-1,):OFFSET(BF8,0,-8)) -> 68.070666
A9: Dunya | B9: =IFERROR('FED-PID(I)'!B9+'FED-PID(K)'!B9+'FED-PID(L)'!B9+'FED-PID(P)'!B9,"") -> 7.553686 | C9: =IFERROR('FED-PID(I)'!C9+'FED-PID(K)'!C9+'FED-PID(L)'!C9+'FED-PID(P)'!C9,"") -> 7.24256 | D9: =IFERROR('FED-PID(I)'!D9+'FED-PID(K)'!D9+'FED-PID(L)'!D9+'FED-PID(P)'!D9,"") -> 6.2 | E9: =IFERROR('FED-PID(I)'!E9+'FED-PID(K)'!E9+'FED-PID(L)'!E9+'FED-PID(P)'!E9,"") -> 6.72 | F9: =IFERROR('FED-PID(I)'!F9+'FED-PID(K)'!F9+'FED-PID(L)'!F9+'FED-PID(P)'!F9,"") -> 4.793114 | G9: =IFERROR('FED-PID(I)'!G9+'FED-PID(K)'!G9+'FED-PID(L)'!G9+'FED-PID(P)'!G9,"") -> 6.357667 | H9: =IFERROR('FED-PID(I)'!H9+'FED-PID(K)'!H9+'FED-PID(L)'!H9+'FED-PID(P)'!H9,"") -> 7.515457 | I9: =IFERROR('FED-PID(I)'!I9+'FED-PID(K)'!I9+'FED-PID(L)'!I9+'FED-PID(P)'!I9,"") -> 8.945556 | ... AQ9: =IFERROR('FED-PID(I)'!AQ9+'FED-PID(K)'!AQ9+'FED-PID(L)'!AQ9+'FED-PID(P)'!AQ9,"") -> 7.08 | AR9: ='FED-PID(K)'!AR9+'FED-PID(L)'!AR9+'FED-PID(I)'!AR9+'FED-PID(P)'!AR9 -> 10.950355 | AS9: ='FED-PID(K)'!AS9+'FED-PID(L)'!AS9+'FED-PID(I)'!AS9+'FED-PID(P)'!AS9 -> 12.092834 | AT9: ='FED-PID(K)'!AT9+'FED-PID(L)'!AT9+'FED-PID(I)'!AT9+'FED-PID(P)'!AT9 -> 14.047429 | AU9: ='FED-PID(K)'!AU9+'FED-PID(L)'!AU9+'FED-PID(I)'!AU9+'FED-PID(P)'!AU9 -> 15.85 | AV9: ='FED-PID(K)'!AV9+'FED-PID(L)'!AV9+'FED-PID(I)'!AV9+'FED-PID(P)'!AV9 -> 13.220371 | AW9: ='FED-PID(K)'!AW9+'FED-PID(L)'!AW9+'FED-PID(I)'!AW9+'FED-PID(P)'!AW9 -> 16.811314 | AX9: ='FED-PID(K)'!AX9+'FED-PID(L)'!AX9+'FED-PID(I)'!AX9+'FED-PID(P)'!AX9 -> 13.098812 | AY9: ='FED-PID(K)'!AY9+'FED-PID(L)'!AY9+'FED-PID(I)'!AY9+'FED-PID(P)'!AY9 -> 17.908795 | ... BE9: ='FED-PID(K)'!BE9+'FED-PID(L)'!BE9+'FED-PID(I)'!BE9+'FED-PID(P)'!BE9 -> 2.616432 | BF9: =SUM(OFFSET(BF9,0,-1,):OFFSET(BF9,0,-8)) -> 120.46233
A10: Express | B10: =IFERROR('FED-PID(I)'!B10+'FED-PID(K)'!B10+'FED-PID(L)'!B10+'FED-PID(P)'!B10,"") -> 16.155117 | C10: =IFERROR('FED-PID(I)'!C10+'FED-PID(K)'!C10+'FED-PID(L)'!C10+'FED-PID(P)'!C10,"") -> 13.579529 | D10: =IFERROR('FED-PID(I)'!D10+'FED-PID(K)'!D10+'FED-PID(L)'!D10+'FED-PID(P)'!D10,"") -> 10.83 | E10: =IFERROR('FED-PID(I)'!E10+'FED-PID(K)'!E10+'FED-PID(L)'!E10+'FED-PID(P)'!E10,"") -> 12.55 | F10: =IFERROR('FED-PID(I)'!F10+'FED-PID(K)'!F10+'FED-PID(L)'!F10+'FED-PID(P)'!F10,"") -> 13.917995 | G10: =IFERROR('FED-PID(I)'!G10+'FED-PID(K)'!G10+'FED-PID(L)'!G10+'FED-PID(P)'!G10,"") -> 12.52823 | H10: =IFERROR('FED-PID(I)'!H10+'FED-PID(K)'!H10+'FED-PID(L)'!H10+'FED-PID(P)'!H10,"") -> 14.475679 | I10: =IFERROR('FED-PID(I)'!I10+'FED-PID(K)'!I10+'FED-PID(L)'!I10+'FED-PID(P)'!I10,"") -> 21.382632 | ... AI10: =IFERROR('FED-PID(I)'!AI10+'FED-PID(K)'!AI10+'FED-PID(L)'!AI10+'FED-PID(P)'!AI10,"") -> 9.692603 | AJ10: =IFERROR('FED-PID(I)'!AJ10+'FED-PID(K)'!AJ10+'FED-PID(L)'!AJ10+'FED-PID(P)'!AJ12,"") -> 14.401557 | AK10: =IFERROR('FED-PID(I)'!AK10+'FED-PID(K)'!AK10+'FED-PID(L)'!AK10+'FED-PID(P)'!AK12,"") -> 16.202769 | AL10: =IFERROR('FED-PID(I)'!AL10+'FED-PID(K)'!AL10+'FED-PID(L)'!AL10+'FED-PID(P)'!AL12,"") -> 9.443407 | AM10: =IFERROR('FED-PID(I)'!AM10+'FED-PID(K)'!AM10+'FED-PID(L)'!AM10+'FED-PID(P)'!AM12,"") -> 7.501593 | AN10: =IFERROR('FED-PID(I)'!AN10+'FED-PID(K)'!AN10+'FED-PID(L)'!AN10+'FED-PID(P)'!AN12,"") -> 21.037137 | AO10: =IFERROR('FED-PID(I)'!AO10+'FED-PID(K)'!AO10+'FED-PID(L)'!AO10+'FED-PID(P)'!AO12,"") -> 15.581197 | AP10: =IFERROR('FED-PID(I)'!AP10+'FED-PID(K)'!AP10+'FED-PID(L)'!AP10+'FED-PID(P)'!AP12,"") -> 25.115278 | AQ10: =IFERROR('FED-PID(I)'!AQ10+'FED-PID(K)'!AQ10+'FED-PID(L)'!AQ10+'FED-PID(P)'!AQ12,"") -> 17.02 | AR10: ='FED-PID(K)'!AR10+'FED-PID(L)'!AR10+'FED-PID(I)'!AR10+'FED-PID(P)'!AR12 -> 20.514891 | AS10: ='FED-PID(K)'!AS10+'FED-PID(L)'!AS10+'FED-PID(I)'!AS10+'FED-PID(P)'!AS12 -> 22.490855 | AT10: ='FED-PID(K)'!AT10+'FED-PID(L)'!AT10+'FED-PID(I)'!AT10+'FED-PID(P)'!AT12 -> 22.497475 | AU10: ='FED-PID(K)'!AU10+'FED-PID(L)'!AU10+'FED-PID(I)'!AU10+'FED-PID(P)'!AU12 -> 22.28 | AV10: ='FED-PID(K)'!AV10+'FED-PID(L)'!AV10+'FED-PID(I)'!AV10+'FED-PID(P)'!AV12 -> 16.759801 | AW10: ='FED-PID(K)'!AW10+'FED-PID(L)'!AW10+'FED-PID(I)'!AW10+'FED-PID(P)'!AW12 -> 22.623171 | AX10: ='FED-PID(K)'!AX10+'FED-PID(L)'!AX10+'FED-PID(I)'!AX10+'FED-PID(P)'!AX12 -> 18.876684 | AY10: ='FED-PID(K)'!AY10+'FED-PID(L)'!AY10+'FED-PID(I)'!AY10+'FED-PID(P)'!AY12 -> 22.743567 | ... BE10: ='FED-PID(K)'!BE10+'FED-PID(L)'!BE10+'FED-PID(I)'!BE10+'FED-PID(P)'!BE12 -> 2.634143 | BF10: =SUM(OFFSET(BF10,0,-1,):OFFSET(BF10,0,-8)) -> 164.2751
A11: % of Jang | B11: =IFERROR(B10/B7,"") -> 1.0700638 | C11: =IFERROR(C10/C7,"") -> 1.270094 | D11: =IFERROR(D10/D7,"") -> 1.0524781 | E11: =IFERROR(E10/E7,"") -> 2.2410714 | F11: =IFERROR(F10/F7,"") -> 1.0806265 | G11: =IFERROR(G10/G7,"") -> 1.2052955 | H11: =IFERROR(H10/H7,"") -> 1.277811 | I11: =IFERROR(I10/I7,"") -> 1.7791133 | ... BE11: =IFERROR(BE10/BE7,"") -> 0.46784246 | BF11: =IFERROR(BF10/BF7,0) -> 0.62260348
A12: Dunya %of Express | B12: =IFERROR(B9/B10,"") -> 0.46757235 | C12: =IFERROR(C9/C10,"") -> 0.53334398 | D12: =IFERROR(D9/D10,"") -> 0.57248384 | E12: =IFERROR(E9/E10,"") -> 0.53545817 | F12: =IFERROR(F9/F10,"") -> 0.34438251 | G12: =IFERROR(G9/G10,"") -> 0.5074673 | H12: =IFERROR(H9/H10,"") -> 0.5191782 | I12: =IFERROR(I9/I10,"") -> 0.41835617 | ... BF12: =IFERROR(BF9/BF10,"") -> 0.73329631
A13: % Market share | B13: =IFERROR(B10/(SUM(B7:B10)),"") -> 0.35339651 | C13: =IFERROR(C10/(SUM(C7:C10)),"") -> 0.34505124 | D13: =IFERROR(D10/(SUM(D7:D10)),"") -> 0.3108496 | E13: =IFERROR(E10/(SUM(E7:E10)),"") -> 0.39255552 | F13: =IFERROR(F10/(SUM(F7:F10)),"") -> 0.35966285 | G13: =IFERROR(G10/(SUM(G7:G10)),"") -> 0.33855168 | H13: =IFERROR(H10/(SUM(H7:H10)),"") -> 0.35837749 | I13: =IFERROR(I10/(SUM(I7:I10)),"") -> 0.39285589 | ... BE13: =IFERROR(BE10/(SUM(BE7:BE10)),"") -> 0.20591963 | BF13: =IFERROR(BF10/(SUM(BF7:BF10)),0) -> 0.26639495
A16: ENGLISH DAILIES
A17: Dawn | B17: =IFERROR('FED-PID(I)'!B17+'FED-PID(K)'!B17+'FED-PID(L)'!B17+'FED-PID(P)'!B17,"") -> 13.953834 | C17: =IFERROR('FED-PID(I)'!C17+'FED-PID(K)'!C17+'FED-PID(L)'!C17+'FED-PID(P)'!C17,"") -> 5.774404 | D17: =IFERROR('FED-PID(I)'!D17+'FED-PID(K)'!D17+'FED-PID(L)'!D17+'FED-PID(P)'!D17,"") -> 8.8 | E17: =IFERROR('FED-PID(I)'!E17+'FED-PID(K)'!E17+'FED-PID(L)'!E17+'FED-PID(P)'!E17,"") -> 4.1 | F17: =IFERROR('FED-PID(I)'!F17+'FED-PID(K)'!F17+'FED-PID(L)'!F17+'FED-PID(P)'!F17,"") -> 10.434895 | G17: =IFERROR('FED-PID(I)'!G17+'FED-PID(K)'!G17+'FED-PID(L)'!G17+'FED-PID(P)'!G17,"") -> 8.095361 | H17: =IFERROR('FED-PID(I)'!H17+'FED-PID(K)'!H17+'FED-PID(L)'!H17+'FED-PID(P)'!H17,"") -> 10.617011 | I17: =IFERROR('FED-PID(I)'!I17+'FED-PID(K)'!I17+'FED-PID(L)'!I17+'FED-PID(P)'!I17,"") -> 12.656381 | ... AI17: =IFERROR('FED-PID(I)'!AI17+'FED-PID(K)'!AI17+'FED-PID(L)'!AI17+'FED-PID(P)'!AI17,"") -> 13.45372 | AJ17: =IFERROR('FED-PID(I)'!AJ17+'FED-PID(K)'!AJ17+'FED-PID(L)'!AJ17+'FED-PID(P)'!AJ18,"") -> 13.494285 | AK17: =IFERROR('FED-PID(I)'!AK17+'FED-PID(K)'!AK17+'FED-PID(L)'!AK17+'FED-PID(P)'!AK18,"") -> 19.297869 | AL17: =IFERROR('FED-PID(I)'!AL17+'FED-PID(K)'!AL17+'FED-PID(L)'!AL17+'FED-PID(P)'!AL18,"") -> 11.934633 | AM17: =IFERROR('FED-PID(I)'!AM17+'FED-PID(K)'!AM17+'FED-PID(L)'!AM17+'FED-PID(P)'!AM18,"") -> 11.717035 | AN17: =IFERROR('FED-PID(I)'!AN17+'FED-PID(K)'!AN17+'FED-PID(L)'!AN17+'FED-PID(P)'!AN18,"") -> 17.873013 | AO17: =IFERROR('FED-PID(I)'!AO17+'FED-PID(K)'!AO17+'FED-PID(L)'!AO17+'FED-PID(P)'!AO18,"") -> 14.48414 | AP17: =IFERROR('FED-PID(I)'!AP17+'FED-PID(K)'!AP17+'FED-PID(L)'!AP17+'FED-PID(P)'!AP18,"") -> 20.910307 | AQ17: =IFERROR('FED-PID(I)'!AQ17+'FED-PID(K)'!AQ17+'FED-PID(L)'!AQ17+'FED-PID(P)'!AQ18,"") -> 18.8 | AR17: ='FED-PID(K)'!AR17+'FED-PID(L)'!AR17+'FED-PID(I)'!AR17+'FED-PID(P)'!AR18 -> 14.934142 | AS17: ='FED-PID(K)'!AS17+'FED-PID(L)'!AS17+'FED-PID(I)'!AS17+'FED-PID(P)'!AS18 -> 21.018687 | AT17: ='FED-PID(K)'!AT17+'FED-PID(L)'!AT17+'FED-PID(I)'!AT17+'FED-PID(P)'!AT18 -> 17.543929 | AU17: ='FED-PID(K)'!AU17+'FED-PID(L)'!AU17+'FED-PID(I)'!AU17+'FED-PID(P)'!AU18 -> 4.836157 | AV17: ='FED-PID(K)'!AV17+'FED-PID(L)'!AV17+'FED-PID(I)'!AV17+'FED-PID(P)'!AV18 -> 0.660769 | AW17: ='FED-PID(K)'!AW17+'FED-PID(L)'!AW17+'FED-PID(I)'!AW17+'FED-PID(P)'!AW18 -> 0.612833 | AX17: ='FED-PID(K)'!AX17+'FED-PID(L)'!AX17+'FED-PID(I)'!AX17+'FED-PID(P)'!AX18 -> 0.77354 | AY17: ='FED-PID(K)'!AY17+'FED-PID(L)'!AY17+'FED-PID(I)'!AY17+'FED-PID(P)'!AY18 -> 0.796294 | ... BE17: ='FED-PID(K)'!BE17+'FED-PID(L)'!BE17+'FED-PID(I)'!BE17+'FED-PID(P)'!BE18 -> 0.225144 | BF17: =SUM(OFFSET(BF17,0,-1,):OFFSET(BF17,0,-8)) -> 11.400376
A18: The News | B18: =IFERROR('FED-PID(I)'!B18+'FED-PID(K)'!B18+'FED-PID(L)'!B18+'FED-PID(P)'!B18,"") -> 6.321294 | C18: =IFERROR('FED-PID(I)'!C18+'FED-PID(K)'!C18+'FED-PID(L)'!C18+'FED-PID(P)'!C18,"") -> 5.140003 | D18: =IFERROR('FED-PID(I)'!D18+'FED-PID(K)'!D18+'FED-PID(L)'!D18+'FED-PID(P)'!D18,"") -> 5.4 | E18: =IFERROR('FED-PID(I)'!E18+'FED-PID(K)'!E18+'FED-PID(L)'!E18+'FED-PID(P)'!E18,"") -> 3.09 | F18: =IFERROR('FED-PID(I)'!F18+'FED-PID(K)'!F18+'FED-PID(L)'!F18+'FED-PID(P)'!F18,"") -> 7.647306 | G18: =IFERROR('FED-PID(I)'!G18+'FED-PID(K)'!G18+'FED-PID(L)'!G18+'FED-PID(P)'!G18,"") -> 7.129734 | H18: =IFERROR('FED-PID(I)'!H18+'FED-PID(K)'!H18+'FED-PID(L)'!H18+'FED-PID(P)'!H18,"") -> 7.482154 | I18: =IFERROR('FED-PID(I)'!I18+'FED-PID(K)'!I18+'FED-PID(L)'!I18+'FED-PID(P)'!I18,"") -> 5.278454 | ... AI18: =IFERROR('FED-PID(I)'!AI18+'FED-PID(K)'!AI18+'FED-PID(L)'!AI18+'FED-PID(P)'!AI18,"") -> 9.801896 | AJ18: =IFERROR('FED-PID(I)'!AJ18+'FED-PID(K)'!AJ18+'FED-PID(L)'!AJ18+'FED-PID(P)'!AJ19,"") -> 9.390324 | AK18: =IFERROR('FED-PID(I)'!AK18+'FED-PID(K)'!AK18+'FED-PID(L)'!AK18+'FED-PID(P)'!AK19,"") -> 10.422133 | AL18: =IFERROR('FED-PID(I)'!AL18+'FED-PID(K)'!AL18+'FED-PID(L)'!AL18+'FED-PID(P)'!AL19,"") -> 9.195183 | AM18: =IFERROR('FED-PID(I)'!AM18+'FED-PID(K)'!AM18+'FED-PID(L)'!AM18+'FED-PID(P)'!AM19,"") -> 7.697813 | AN18: =IFERROR('FED-PID(I)'!AN18+'FED-PID(K)'!AN18+'FED-PID(L)'!AN18+'FED-PID(P)'!AN19,"") -> 12.753145 | AO18: =IFERROR('FED-PID(I)'!AO18+'FED-PID(K)'!AO18+'FED-PID(L)'!AO18+'FED-PID(P)'!AO19,"") -> 9.905656 | AP18: =IFERROR('FED-PID(I)'!AP18+'FED-PID(K)'!AP18+'FED-PID(L)'!AP18+'FED-PID(P)'!AP19,"") -> 18.838056 | AQ18: =IFERROR('FED-PID(I)'!AQ18+'FED-PID(K)'!AQ18+'FED-PID(L)'!AQ18+'FED-PID(P)'!AQ19,"") -> 15.447578 | AR18: ='FED-PID(K)'!AR18+'FED-PID(L)'!AR18+'FED-PID(I)'!AR18+'FED-PID(P)'!AR19 -> 14.927998 | AS18: ='FED-PID(K)'!AS18+'FED-PID(L)'!AS18+'FED-PID(I)'!AS18+'FED-PID(P)'!AS19 -> 15.958171 | AT18: ='FED-PID(K)'!AT18+'FED-PID(L)'!AT18+'FED-PID(I)'!AT18+'FED-PID(P)'!AT19 -> 15.948729 | AU18: ='FED-PID(K)'!AU18+'FED-PID(L)'!AU18+'FED-PID(I)'!AU18+'FED-PID(P)'!AU19 -> 18.17 | AV18: ='FED-PID(K)'!AV18+'FED-PID(L)'!AV18+'FED-PID(I)'!AV18+'FED-PID(P)'!AV19 -> 20.977438 | AW18: ='FED-PID(K)'!AW18+'FED-PID(L)'!AW18+'FED-PID(I)'!AW18+'FED-PID(P)'!AW19 -> 26.001867 | AX18: ='FED-PID(K)'!AX18+'FED-PID(L)'!AX18+'FED-PID(I)'!AX18+'FED-PID(P)'!AX19 -> 21.650404 | AY18: ='FED-PID(K)'!AY18+'FED-PID(L)'!AY18+'FED-PID(I)'!AY18+'FED-PID(P)'!AY19 -> 22.920893 | ... BE18: ='FED-PID(K)'!BE18+'FED-PID(L)'!BE18+'FED-PID(I)'!BE18+'FED-PID(P)'!BE19 -> 4.175872 | BF18: =SUM(OFFSET(BF18,0,-1,):OFFSET(BF18,0,-8)) -> 161.62663
A19: The Nation | B19: =IFERROR('FED-PID(I)'!B19+'FED-PID(K)'!B19+'FED-PID(L)'!B19+'FED-PID(P)'!B19,"") -> 3.997251 | C19: =IFERROR('FED-PID(I)'!C19+'FED-PID(K)'!C19+'FED-PID(L)'!C19+'FED-PID(P)'!C19,"") -> 3.925002 | D19: =IFERROR('FED-PID(I)'!D19+'FED-PID(K)'!D19+'FED-PID(L)'!D19+'FED-PID(P)'!D19,"") -> 5.08 | E19: =IFERROR('FED-PID(I)'!E19+'FED-PID(K)'!E19+'FED-PID(L)'!E19+'FED-PID(P)'!E19,"") -> 4.92 | F19: =IFERROR('FED-PID(I)'!F19+'FED-PID(K)'!F19+'FED-PID(L)'!F19+'FED-PID(P)'!F19,"") -> 4.26907 | G19: =IFERROR('FED-PID(I)'!G19+'FED-PID(K)'!G19+'FED-PID(L)'!G19+'FED-PID(P)'!G19,"") -> 3.036998 | H19: =IFERROR('FED-PID(I)'!H19+'FED-PID(K)'!H19+'FED-PID(L)'!H19+'FED-PID(P)'!H19,"") -> 4.341037 | I19: =IFERROR('FED-PID(I)'!I19+'FED-PID(K)'!I19+'FED-PID(L)'!I19+'FED-PID(P)'!I19,"") -> 5.448661 | ... AI19: =IFERROR('FED-PID(I)'!AI19+'FED-PID(K)'!AI19+'FED-PID(L)'!AI19+'FED-PID(P)'!AI19,"") -> 3.193904 | AJ19: =IFERROR('FED-PID(I)'!AJ19+'FED-PID(K)'!AJ19+'FED-PID(L)'!AJ19+'FED-PID(P)'!AJ20,"") -> 3.893676 | AK19: =IFERROR('FED-PID(I)'!AK19+'FED-PID(K)'!AK19+'FED-PID(L)'!AK19+'FED-PID(P)'!AK20,"") -> 3.826207 | AL19: =IFERROR('FED-PID(I)'!AL19+'FED-PID(K)'!AL19+'FED-PID(L)'!AL19+'FED-PID(P)'!AL20,"") -> 3.005638 | AM19: =IFERROR('FED-PID(I)'!AM19+'FED-PID(K)'!AM19+'FED-PID(L)'!AM19+'FED-PID(P)'!AM20,"") -> 2.330532 | AN19: =IFERROR('FED-PID(I)'!AN19+'FED-PID(K)'!AN19+'FED-PID(L)'!AN19+'FED-PID(P)'!AN20,"") -> 5.126404 | AO19: =IFERROR('FED-PID(I)'!AO19+'FED-PID(K)'!AO19+'FED-PID(L)'!AO19+'FED-PID(P)'!AO20,"") -> 2.89823 | AP19: =IFERROR('FED-PID(I)'!AP19+'FED-PID(K)'!AP19+'FED-PID(L)'!AP19+'FED-PID(P)'!AP20,"") -> 5.661383 | AQ19: =IFERROR('FED-PID(I)'!AQ19+'FED-PID(K)'!AQ19+'FED-PID(L)'!AQ19+'FED-PID(P)'!AQ20,"") -> 3.91 | AR19: ='FED-PID(K)'!AR19+'FED-PID(L)'!AR19+'FED-PID(I)'!AR19+'FED-PID(P)'!AR20 -> 5.143997 | AS19: ='FED-PID(K)'!AS19+'FED-PID(L)'!AS19+'FED-PID(I)'!AS19+'FED-PID(P)'!AS20 -> 5.539189 | AT19: ='FED-PID(K)'!AT19+'FED-PID(L)'!AT19+'FED-PID(I)'!AT19+'FED-PID(P)'!AT20 -> 3.406566 | AU19: ='FED-PID(K)'!AU19+'FED-PID(L)'!AU19+'FED-PID(I)'!AU19+'FED-PID(P)'!AU20 -> 6.27 | AV19: ='FED-PID(K)'!AV19+'FED-PID(L)'!AV19+'FED-PID(I)'!AV19+'FED-PID(P)'!AV20 -> 5.417564 | AW19: ='FED-PID(K)'!AW19+'FED-PID(L)'!AW19+'FED-PID(I)'!AW19+'FED-PID(P)'!AW20 -> 7.698912 | AX19: ='FED-PID(K)'!AX19+'FED-PID(L)'!AX19+'FED-PID(I)'!AX19+'FED-PID(P)'!AX20 -> 7.481513 | AY19: ='FED-PID(K)'!AY19+'FED-PID(L)'!AY19+'FED-PID(I)'!AY19+'FED-PID(P)'!AY20 -> 7.314668 | ... BE19: ='FED-PID(K)'!BE19+'FED-PID(L)'!BE19+'FED-PID(I)'!BE19+'FED-PID(P)'!BE20 -> 0.563153 | BF19: =SUM(OFFSET(BF19,0,-1,):OFFSET(BF19,0,-8)) -> 44.64436
A20: Express Tribune | B20: =IFERROR('FED-PID(I)'!B20+'FED-PID(K)'!B20+'FED-PID(L)'!B20+'FED-PID(P)'!B20,"") -> 5.799375 | C20: =IFERROR('FED-PID(I)'!C20+'FED-PID(K)'!C20+'FED-PID(L)'!C20+'FED-PID(P)'!C20,"") -> 3.745056 | D20: =IFERROR('FED-PID(I)'!D20+'FED-PID(K)'!D20+'FED-PID(L)'!D20+'FED-PID(P)'!D20,"") -> 6.36 | E20: =IFERROR('FED-PID(I)'!E20+'FED-PID(K)'!E20+'FED-PID(L)'!E20+'FED-PID(P)'!E20,"") -> 5.36 | F20: =IFERROR('FED-PID(I)'!F20+'FED-PID(K)'!F20+'FED-PID(L)'!F20+'FED-PID(P)'!F20,"") -> 5.565965 | G20: =IFERROR('FED-PID(I)'!G20+'FED-PID(K)'!G20+'FED-PID(L)'!G20+'FED-PID(P)'!G20,"") -> 5.442742 | H20: =IFERROR('FED-PID(I)'!H20+'FED-PID(K)'!H20+'FED-PID(L)'!H20+'FED-PID(P)'!H20,"") -> 6.232913 | I20: =IFERROR('FED-PID(I)'!I20+'FED-PID(K)'!I20+'FED-PID(L)'!I20+'FED-PID(P)'!I20,"") -> 9.343403 | ... AI20: =IFERROR('FED-PID(I)'!AI20+'FED-PID(K)'!AI20+'FED-PID(L)'!AI20+'FED-PID(P)'!AI20,"") -> 6.641864 | AJ20: =IFERROR('FED-PID(I)'!AJ20+'FED-PID(K)'!AJ20+'FED-PID(L)'!AJ20+'FED-PID(P)'!AJ21,"") -> 7.056281 | AK20: =IFERROR('FED-PID(I)'!AK20+'FED-PID(K)'!AK20+'FED-PID(L)'!AK20+'FED-PID(P)'!AK21,"") -> 7.832696 | AL20: =IFERROR('FED-PID(I)'!AL20+'FED-PID(K)'!AL20+'FED-PID(L)'!AL20+'FED-PID(P)'!AL21,"") -> 5.95072 | AM20: =IFERROR('FED-PID(I)'!AM20+'FED-PID(K)'!AM20+'FED-PID(L)'!AM20+'FED-PID(P)'!AM21,"") -> 5.18032 | AN20: =IFERROR('FED-PID(I)'!AN20+'FED-PID(K)'!AN20+'FED-PID(L)'!AN20+'FED-PID(P)'!AN21,"") -> 8.428813 | AO20: =IFERROR('FED-PID(I)'!AO20+'FED-PID(K)'!AO20+'FED-PID(L)'!AO20+'FED-PID(P)'!AO21,"") -> 5.98236 | AP20: =IFERROR('FED-PID(I)'!AP20+'FED-PID(K)'!AP20+'FED-PID(L)'!AP20+'FED-PID(P)'!AP21,"") -> 10.996279 | AQ20: =IFERROR('FED-PID(I)'!AQ20+'FED-PID(K)'!AQ20+'FED-PID(L)'!AQ20+'FED-PID(P)'!AQ21,"") -> 9.2816 | AR20: ='FED-PID(K)'!AR20+'FED-PID(L)'!AR20+'FED-PID(I)'!AR20+'FED-PID(P)'!AR21 -> 9.915151 | AS20: ='FED-PID(K)'!AS20+'FED-PID(L)'!AS20+'FED-PID(I)'!AS20+'FED-PID(P)'!AS21 -> 11.142821 | AT20: ='FED-PID(K)'!AT20+'FED-PID(L)'!AT20+'FED-PID(I)'!AT20+'FED-PID(P)'!AT21 -> 9.9489 | AU20: ='FED-PID(K)'!AU20+'FED-PID(L)'!AU20+'FED-PID(I)'!AU20+'FED-PID(P)'!AU21 -> 12.07 | AV20: ='FED-PID(K)'!AV20+'FED-PID(L)'!AV20+'FED-PID(I)'!AV20+'FED-PID(P)'!AV21 -> 17.609058 | AW20: ='FED-PID(K)'!AW20+'FED-PID(L)'!AW20+'FED-PID(I)'!AW20+'FED-PID(P)'!AW21 -> 20.438233 | AX20: ='FED-PID(K)'!AX20+'FED-PID(L)'!AX20+'FED-PID(I)'!AX20+'FED-PID(P)'!AX21 -> 14.462521 | AY20: ='FED-PID(K)'!AY20+'FED-PID(L)'!AY20+'FED-PID(I)'!AY20+'FED-PID(P)'!AY21 -> 16.247897 | ... BE20: ='FED-PID(K)'!BE20+'FED-PID(L)'!BE20+'FED-PID(I)'!BE20+'FED-PID(P)'!BE21 -> 3.267511 | BF20: =SUM(OFFSET(BF20,0,-1,):OFFSET(BF20,0,-8)) -> 122.23411
A21: % of Dawn | B21: =IFERROR(B20/B17,"") -> 0.41561158 | C21: =IFERROR(C20/C17,"") -> 0.64856148 | D21: =IFERROR(D20/D17,"") -> 0.72272727 | E21: =IFERROR(E20/E17,"") -> 1.3073171 | F21: =IFERROR(F20/F17,"") -> 0.53339923 | G21: =IFERROR(G20/G17,"") -> 0.67232851 | H21: =IFERROR(H20/H17,"") -> 0.58706853 | I21: =IFERROR(I20/I17,"") -> 0.73823655 | ... BF21: =IFERROR(BF20/BF17,"") -> 10.721937
A22: % of News | B22: =IFERROR(B20/B18,"") -> 0.91743478 | C22: =IFERROR(C20/C18,"") -> 0.72860969 | D22: =IFERROR(D20/D18,"") -> 1.1777778 | E22: =IFERROR(E20/E18,"") -> 1.7346278 | F22: =IFERROR(F20/F18,"") -> 0.72783344 | G22: =IFERROR(G20/G18,"") -> 0.7633864 | H22: =IFERROR(H20/H18,"") -> 0.83303725 | I22: =IFERROR(I20/I18,"") -> 1.7701022 | ... BF22: =IFERROR(BF20/BF18,"") -> 0.75627456
A23: % Market share | B23: =IFERROR(B20/(SUM(B17:B20)),"") -> 0.19285124 | C23: =IFERROR(C20/(SUM(C17:C20)),"") -> 0.20151541 | D23: =IFERROR(D20/(SUM(D17:D20)),"") -> 0.24804992 | E23: =IFERROR(E20/(SUM(E17:E20)),"") -> 0.30681168 | F23: =IFERROR(F20/(SUM(F17:F20)),"") -> 0.19937378 | G23: =IFERROR(G20/(SUM(G17:G20)),"") -> 0.22960472 | H23: =IFERROR(H20/(SUM(H17:H20)),"") -> 0.2173783 | I23: =IFERROR(I20/(SUM(I17:I20)),"") -> 0.28549613 | ... BF23: =IFERROR(BF20/(SUM(BF17:BF20)),"") -> 0.35961206
A26: SINDHI DAILIES
A27: Kawish | B27: =IFERROR('FED-PID(I)'!B27+'FED-PID(K)'!B27+'FED-PID(L)'!B27+'FED-PID(P)'!B27,"") -> 1.795784 | C27: =IFERROR('FED-PID(I)'!C27+'FED-PID(K)'!C27+'FED-PID(L)'!C27+'FED-PID(P)'!C27,"") -> 1.121685 | D27: =IFERROR('FED-PID(I)'!D27+'FED-PID(K)'!D27+'FED-PID(L)'!D27+'FED-PID(P)'!D27,"") -> 1.5 | E27: =IFERROR('FED-PID(I)'!E27+'FED-PID(K)'!E27+'FED-PID(L)'!E27+'FED-PID(P)'!E27,"") -> 1.31 | F27: =IFERROR('FED-PID(I)'!F27+'FED-PID(K)'!F27+'FED-PID(L)'!F27+'FED-PID(P)'!F27,"") -> 1.396854 | G27: =IFERROR('FED-PID(I)'!G27+'FED-PID(K)'!G27+'FED-PID(L)'!G27+'FED-PID(P)'!G27,"") -> 1.034401 | H27: =IFERROR('FED-PID(I)'!H27+'FED-PID(K)'!H27+'FED-PID(L)'!H27+'FED-PID(P)'!H27,"") -> 1.572873 | I27: =IFERROR('FED-PID(I)'!I27+'FED-PID(K)'!I27+'FED-PID(L)'!I27+'FED-PID(P)'!I27,"") -> 1.680217 | ... AQ27: =IFERROR('FED-PID(I)'!AQ27+'FED-PID(K)'!AQ27+'FED-PID(L)'!AQ27+'FED-PID(P)'!AQ27,"") -> 2.04 | AR27: ='FED-PID(K)'!AR27+'FED-PID(I)'!AR27 -> 1.221911 | AS27: ='FED-PID(K)'!AS27+'FED-PID(I)'!AS27 -> 2.074997 | AT27: ='FED-PID(K)'!AT27+'FED-PID(I)'!AT27 -> 1.903708 | AU27: ='FED-PID(K)'!AU27+'FED-PID(I)'!AU27 -> 1.870981 | AV27: ='FED-PID(K)'!AV27+'FED-PID(I)'!AV27 -> 1.559531 | AW27: ='FED-PID(K)'!AW27+'FED-PID(I)'!AW27 -> 1.431195 | AX27: ='FED-PID(K)'!AX27+'FED-PID(I)'!AX27 -> 1.241507 | AY27: ='FED-PID(K)'!AY27+'FED-PID(I)'!AY27 -> 2.56405 | ... BE27: ='FED-PID(K)'!BE27+'FED-PID(I)'!BE27 -> 0.734532 | BF27: =SUM(OFFSET(BF27,0,-1,):OFFSET(BF27,0,-8)) -> 17.824488
A28: Ibrat | B28: =IFERROR('FED-PID(I)'!B28+'FED-PID(K)'!B28+'FED-PID(L)'!B28+'FED-PID(P)'!B28,"") -> 0.502075 | C28: =IFERROR('FED-PID(I)'!C28+'FED-PID(K)'!C28+'FED-PID(L)'!C28+'FED-PID(P)'!C28,"") -> 0.851532 | D28: =IFERROR('FED-PID(I)'!D28+'FED-PID(K)'!D28+'FED-PID(L)'!D28+'FED-PID(P)'!D28,"") -> 0.29 | E28: =IFERROR('FED-PID(I)'!E28+'FED-PID(K)'!E28+'FED-PID(L)'!E28+'FED-PID(P)'!E28,"") -> 1.09 | F28: =IFERROR('FED-PID(I)'!F28+'FED-PID(K)'!F28+'FED-PID(L)'!F28+'FED-PID(P)'!F28,"") -> 1.86303 | G28: =IFERROR('FED-PID(I)'!G28+'FED-PID(K)'!G28+'FED-PID(L)'!G28+'FED-PID(P)'!G28,"") -> 0.632345 | H28: =IFERROR('FED-PID(I)'!H28+'FED-PID(K)'!H28+'FED-PID(L)'!H28+'FED-PID(P)'!H28,"") -> 1.745078 | I28: =IFERROR('FED-PID(I)'!I28+'FED-PID(K)'!I28+'FED-PID(L)'!I28+'FED-PID(P)'!I28,"") -> 0.623969 | ... AQ28: =IFERROR('FED-PID(I)'!AQ28+'FED-PID(K)'!AQ28+'FED-PID(L)'!AQ28+'FED-PID(P)'!AQ28,"") -> 0.563754 | AR28: ='FED-PID(K)'!AR28+'FED-PID(I)'!AR28 -> 0.794496 | AS28: ='FED-PID(K)'!AS28+'FED-PID(I)'!AS28 -> 0.890258 | AT28: ='FED-PID(K)'!AT28+'FED-PID(I)'!AT28 -> 1.377978 | AU28: ='FED-PID(K)'!AU28+'FED-PID(I)'!AU28 -> 0.76134 | AV28: ='FED-PID(K)'!AV28+'FED-PID(I)'!AV28 -> 0.667587 | AW28: ='FED-PID(K)'!AW28+'FED-PID(I)'!AW28 -> 1.002097 | AX28: ='FED-PID(K)'!AX28+'FED-PID(I)'!AX28 -> 1.129433 | AY28: ='FED-PID(K)'!AY28+'FED-PID(I)'!AY28 -> 1.742804 | ... BE28: ='FED-PID(K)'!BE28+'FED-PID(I)'!BE28 -> 0.456867 | BF28: =SUM(OFFSET(BF28,0,-1,):OFFSET(BF28,0,-8)) -> 12.418394
A29: Awami Awaz | B29: =IFERROR('FED-PID(I)'!B29+'FED-PID(K)'!B29+'FED-PID(L)'!B29+'FED-PID(P)'!B29,"") -> 0.774476 | C29: =IFERROR('FED-PID(I)'!C29+'FED-PID(K)'!C29+'FED-PID(L)'!C29+'FED-PID(P)'!C29,"") -> 0.651834 | D29: =IFERROR('FED-PID(I)'!D29+'FED-PID(K)'!D29+'FED-PID(L)'!D29+'FED-PID(P)'!D29,"") -> 1.16 | E29: =IFERROR('FED-PID(I)'!E29+'FED-PID(K)'!E29+'FED-PID(L)'!E29+'FED-PID(P)'!E29,"") -> 0.73 | F29: =IFERROR('FED-PID(I)'!F29+'FED-PID(K)'!F29+'FED-PID(L)'!F29+'FED-PID(P)'!F29,"") -> 1.23831 | G29: =IFERROR('FED-PID(I)'!G29+'FED-PID(K)'!G29+'FED-PID(L)'!G29+'FED-PID(P)'!G29,"") -> 0.53944 | H29: =IFERROR('FED-PID(I)'!H29+'FED-PID(K)'!H29+'FED-PID(L)'!H29+'FED-PID(P)'!H29,"") -> 0.913738 | I29: =IFERROR('FED-PID(I)'!I29+'FED-PID(K)'!I29+'FED-PID(L)'!I29+'FED-PID(P)'!I29,"") -> 1.727157 | ... AQ29: =IFERROR('FED-PID(I)'!AQ29+'FED-PID(K)'!AQ29+'FED-PID(L)'!AQ29+'FED-PID(P)'!AQ29,"") -> 0.98 | AR29: ='FED-PID(K)'!AR29+'FED-PID(I)'!AR29 -> 1.491683 | AS29: ='FED-PID(K)'!AS29+'FED-PID(I)'!AS29 -> 1.902558 | AT29: ='FED-PID(K)'!AT29+'FED-PID(I)'!AT29 -> 1.284131 | AU29: ='FED-PID(K)'!AU29+'FED-PID(I)'!AU29 -> 1.64 | AV29: ='FED-PID(K)'!AV29+'FED-PID(I)'!AV29 -> 1.470265 | AW29: ='FED-PID(K)'!AW29+'FED-PID(I)'!AW29 -> 1.441162 | AX29: ='FED-PID(K)'!AX29+'FED-PID(I)'!AX29 -> 1.357175 | AY29: ='FED-PID(K)'!AY29+'FED-PID(I)'!AY29 -> 1.183173 | ... BE29: ='FED-PID(K)'!BE29+'FED-PID(I)'!BE29 -> 0.429763 | BF29: =SUM(OFFSET(BF29,0,-1,):OFFSET(BF29,0,-8)) -> 9.917191
A30: Sobh | B30: =IFERROR('FED-PID(I)'!B30+'FED-PID(K)'!B30+'FED-PID(L)'!B30+'FED-PID(P)'!B30,"") -> 0 | C30: =IFERROR('FED-PID(I)'!C30+'FED-PID(K)'!C30+'FED-PID(L)'!C30+'FED-PID(P)'!C30,"") -> 0 | D30: =IFERROR('FED-PID(I)'!D30+'FED-PID(K)'!D30+'FED-PID(L)'!D30+'FED-PID(P)'!D30,"") -> 0 | E30: =IFERROR('FED-PID(I)'!E30+'FED-PID(K)'!E30+'FED-PID(L)'!E30+'FED-PID(P)'!E30,"") -> 0 | F30: =IFERROR('FED-PID(I)'!F30+'FED-PID(K)'!F30+'FED-PID(L)'!F30+'FED-PID(P)'!F30,"") -> 0 | G30: =IFERROR('FED-PID(I)'!G30+'FED-PID(K)'!G30+'FED-PID(L)'!G30+'FED-PID(P)'!G30,"") -> 0 | H30: =IFERROR('FED-PID(I)'!H30+'FED-PID(K)'!H30+'FED-PID(L)'!H30+'FED-PID(P)'!H30,"") -> 0 | I30: =IFERROR('FED-PID(I)'!I30+'FED-PID(K)'!I30+'FED-PID(L)'!I30+'FED-PID(P)'!I30,"") -> 0 | ... AQ30: =IFERROR('FED-PID(I)'!AQ30+'FED-PID(K)'!AQ30+'FED-PID(L)'!AQ30+'FED-PID(P)'!AQ30,"") -> 0 | BF30: =SUM(OFFSET(BF30,0,-1,):OFFSET(BF30,0,-8)) -> 0
A31: Sindh Express | B31: =IFERROR('FED-PID(I)'!B31+'FED-PID(K)'!B31+'FED-PID(L)'!B31+'FED-PID(P)'!B31,"") -> 0.20073 | C31: =IFERROR('FED-PID(I)'!C31+'FED-PID(K)'!C31+'FED-PID(L)'!C31+'FED-PID(P)'!C31,"") -> 0.175356 | D31: =IFERROR('FED-PID(I)'!D31+'FED-PID(K)'!D31+'FED-PID(L)'!D31+'FED-PID(P)'!D31,"") -> 0.32 | E31: =IFERROR('FED-PID(I)'!E31+'FED-PID(K)'!E31+'FED-PID(L)'!E31+'FED-PID(P)'!E31,"") -> 0.12 | F31: =IFERROR('FED-PID(I)'!F31+'FED-PID(K)'!F31+'FED-PID(L)'!F31+'FED-PID(P)'!F31,"") -> 0.345416 | G31: =IFERROR('FED-PID(I)'!G31+'FED-PID(K)'!G31+'FED-PID(L)'!G31+'FED-PID(P)'!G31,"") -> 0.202884 | H31: =IFERROR('FED-PID(I)'!H31+'FED-PID(K)'!H31+'FED-PID(L)'!H31+'FED-PID(P)'!H31,"") -> 0.640307 | I31: =IFERROR('FED-PID(I)'!I31+'FED-PID(K)'!I31+'FED-PID(L)'!I31+'FED-PID(P)'!I31,"") -> 0.781495 | ... AQ31: =IFERROR('FED-PID(I)'!AQ31+'FED-PID(K)'!AQ31+'FED-PID(L)'!AQ31+'FED-PID(P)'!AQ31,"") -> 0.55 | AR31: ='FED-PID(K)'!AR31+'FED-PID(I)'!AR31 -> 0.602059 | AS31: ='FED-PID(K)'!AS31+'FED-PID(I)'!AS31 -> 1.193619 | AT31: ='FED-PID(K)'!AT31+'FED-PID(I)'!AT31 -> 0.080139 | AU31: ='FED-PID(K)'!AU31+'FED-PID(I)'!AU31 -> 0.54 | AV31: ='FED-PID(K)'!AV31+'FED-PID(I)'!AV31 -> 0.083183 | AW31: ='FED-PID(K)'!AW31+'FED-PID(I)'!AW31 -> 0.36722 | AX31: ='FED-PID(K)'!AX31+'FED-PID(I)'!AX31 -> 0.116659 | AY31: ='FED-PID(K)'!AY31+'FED-PID(I)'!AY31 -> 0.141005 | ... BE31: ='FED-PID(K)'!BE31+'FED-PID(I)'!BE31 -> 0.083182 | BF31: =SUM(OFFSET(BF31,0,-1,):OFFSET(BF31,0,-8)) -> 1.606232
A32: % of Kawish | B32: =IFERROR(B31/B27,"") -> 0.11177848 | C32: =IFERROR(C31/C27,"") -> 0.15633266 | D32: =IFERROR(D31/D27,"") -> 0.21333333 | E32: =IFERROR(E31/E27,"") -> 0.091603053 | F32: =IFERROR(F31/F27,"") -> 0.24728139 | G32: =IFERROR(G31/G27,"") -> 0.1961367 | H32: =IFERROR(H31/H27,"") -> 0.4070939 | I32: =IFERROR(I31/I27,"") -> 0.46511552 | ... BF32: =IFERROR(BF31/BF27,"") -> 0.090113781
A33: % Market share | B33: =IFERROR(B31/(SUM(B27:B31)),"") -> 0.061327838 | C33: =IFERROR(C31/(SUM(C27:C31)),"") -> 0.062618041 | D33: =IFERROR(D31/(SUM(D27:D31)),"") -> 0.097859327 | E33: =IFERROR(E31/(SUM(E27:E31)),"") -> 0.036923077 | F33: =IFERROR(F31/(SUM(F27:F31)),"") -> 0.071313752 | G33: =IFERROR(G31/(SUM(G27:G31)),"") -> 0.084216731 | H33: =IFERROR(H31/(SUM(H27:H31)),"") -> 0.13142601 | I33: =IFERROR(I31/(SUM(I27:I31)),"") -> 0.16237717 | ... BF33: =IFERROR(BF31/(SUM(BF27:BF31)),"") -> 0.038457604
A35: Grading
A36: Total /Highest
A37: Medium (50% of Total)
A38: Lowest
A66: urdu
A67: JAN'15
A68: FEB'15
A69: MAR'15
A70: APR'15
A71: MAY'15
A72: JUN'15
A73: JULY'15
... A75: Total

Sheet FED-PID(K)
A1: Karachi PIDs Revenues (Federal Government)
A2: From 01/01/2021 To 05/8/2025
A4: Rs in million
B5: Jan'21 | C5: Feb'21 | D5: Mar'21 | E5: Apr'21 | F5: May'21 | G5: Jun'21 | H5: Jul'21 | I5: Aug'21 | J5: Sep'21 | K5: Oct'21 | L5: Nov'21 | M5: Dec'21 | N5: Jan'22 | O5: Feb'22 | P5: Mar'22 | Q5: Apr'22 | R5: May'22 | S5: Jun'22 | T5: Jul'22 | U5: Aug'22 | V5: Sep'22 | W5: Oct'22 | X5: Nov'22 | Y5: Dec'22 | Z5: Jan'23 | AA5: Feb'23 | AB5: Mar'23 | AC5: Apr'23 | AD5: May'23 | AE5: Jun'23 | AF5: Jul'23 | AG5: Aug'23 | AH5: Sep'23 | AI5: Oct'23 | AJ5: Nov'23 | AK5: Dec'23 | AL5: Jan'24 | AM5: Feb'24 | AN5: Mar'24 | AO5: Apr'24 | AP5: May'24 | AQ5: Jun'24 | AR5: ='FED-PID(ALL)'!AR5 -> Jul'24 | AS5: ='FED-PID(ALL)'!AS5 -> Aug'24 | AT5: ='FED-PID(ALL)'!AT5 -> Sep'24 | AU5: ='FED-PID(ALL)'!AU5 -> Oct'24 | AV5: ='FED-PID(ALL)'!AV5 -> Nov'24 | AW5: ='FED-PID(ALL)'!AW5 -> Dec'24 | AX5: ='FED-PID(ALL)'!AX5 -> Jan'25 | AY5: ='FED-PID(ALL)'!AY5 -> Feb'25 | ... BD5: ='FED-PID(ALL)'!BD5 -> Jul'25 | BE5: 1-5-Aug'25 | BF5: TOTAL
A6: URDU DAILIES
A7: Jang | B7: 1.856006 | C7: 1.325413 | D7: 2.6 | E7: 1.4 | F7: 2.495543 | G7: 2.545543 | H7: 1.982599 | I7: 2.235739 | J7: 1.937301 | K7: 1.999335 | L7: 3.802504 | M7: 4.623924 | N7: 2.973394 | O7: 2.413815 | P7: 0.338193 | Q7: 0.687754 | R7: 3.965255 | S7: 3.168266 | T7: 2.2013 | U7: 4.336935 | V7: 4.052489 | W7: 4.021154 | X7: 6.009009 | Y7: 3.893744 | Z7: 3.546741 | AA7: 2.811452 | AB7: 2.871886 | AC7: 2.937747 | AD7: 2.925448 | AE7: 3.4201 | AF7: 3.950893 | AG7: 4.421612 | AH7: 4.1 | AI7: 2.616394 | AJ7: 3.781798 | AK7: 8.19904 | AL7: 2.086557 | AM7: 3.320299 | AN7: 6.94 | AO7: 3.991557 | AP7: 4.420787 | AQ7: 5.61 | AR7: 3.357137 | AS7: 5.892568 | AT7: 6.042455 | AU7: 3.58 | AV7: 7.093067 | AW7: 6.722383 | AX7: 3.459861 | AY7: 3.007713 | AZ7: 4.701196 | BA7: 3.59 | BB7: 6.07 | BC7: 6.39 | BD7: 6.87 | BE7: 1.569506 | BF7: =SUM(OFFSET(BF7,0,-1,):OFFSET(BF7,0,-8)) -> 35.658276
A8: Nawa-e-Waqt | B8: 1.002764 | C8: 1.325413 | D8: 1.6 | E8: 0.9 | F8: 0.735711 | G8: 0.689371 | H8: 0.559737 | I8: 0.874119 | J8: 0.673927 | K8: 0.543214 | L8: 0.610018 | M8: 0.978761 | N8: 0.636849 | O8: 0.655352 | P8: 0.822158 | Q8: 0.497116 | R8: 0.756809 | S8: 0.85491 | T8: 0.620546 | U8: 0.826327 | V8: 1.293032 | W8: 0.948287 | X8: 1.183978 | Y8: 1.204828 | Z8: 0.696332 | AA8: 0.816224 | AB8: 0.76681 | AC8: 0.540901 | AD8: 0.692934 | AE8: 0.655273 | AF8: 0.778123 | AG8: 1.256872 | AH8: 0.52 | AI8: 1.135776 | AJ8: 0.539948 | AK8: 1.220431 | AL8: 0.387187 | AM8: 0.462088 | AN8: 0.77 | AO8: 0.484625 | AP8: 0.657284 | AQ8: 0.81 | AR8: 0.603592 | AS8: 1.279589 | AT8: 0.608363 | AU8: 0.64 | AV8: 1.062696 | AW8: 1.98864 | AX8: 0.615414 | AY8: 0.831783 | AZ8: 1.069268 | BA8: 0.71 | BB8: 1.42 | BC8: 1.25 | BD8: 0.98 | BE8: 0.234367 | BF8: =SUM(OFFSET(BF8,0,-1,):OFFSET(BF8,0,-8)) -> 7.110832
A9: Dunya | B9: 1.177694 | C9: 0.753044 | D9: 1.6 | E9: 1.5 | F9: 0.639837 | G9: 1.297196 | H9: 0.27434 | I9: 1.102437 | J9: 0.604818 | K9: 0.701474 | L9: 0.45673 | M9: 1.510972 | N9: 1.792546 | O9: 1.448701 | P9: 2.786599 | Q9: 1.494241 | R9: 1.552658 | S9: 1.929922 | T9: 1.004421 | U9: 1.436887 | V9: 1.717239 | W9: 1.436805 | X9: 2.31635 | Y9: 1.495633 | Z9: 1.826183 | AA9: 1.269228 | AB9: 1.527613 | AC9: 1.244758 | AD9: 1.540483 | AE9: 1.569819 | AF9: 1.688772 | AG9: 1.752557 | AH9: 1.56 | AI9: 0.710741 | AJ9: 1.540929 | AK9: 1.516655 | AL9: 0.720556 | AM9: 0.977985 | AN9: 1.54 | AO9: 1.301966 | AP9: 1.220905 | AQ9: 1.33 | AR9: 1.112697 | AS9: 1.018256 | AT9: 2.253056 | AU9: 1.25 | AV9: 2.062227 | AW9: 1.59999 | AX9: 1.3082 | AY9: 1.369598 | AZ9: 1.635674 | BA9: 1.33 | BB9: 1.36 | BC9: 1.92 | BD9: 2.29 | BE9: 0.383548 | BF9: =SUM(OFFSET(BF9,0,-1,):OFFSET(BF9,0,-8)) -> 11.59702
A10: Express | B10: 2.774099 | C10: 1.598019 | D10: 2.6 | E10: 1.8 | F10: 1.986884 | G10: 1.758644 | H10: 1.959274 | I10: 3.196627 | J10: 2.860109 | K10: 2.97819 | L10: 2.190761 | M10: 2.256433 | N10: 1.372475 | O10: 1.615479 | P10: 3.564576 | Q10: 2.459789 | R10: 2.814043 | S10: 2.258772 | T10: 1.232248 | U10: 2.492531 | V10: 3.729916 | W10: 1.895998 | X10: 3.83061 | Y10: 3.134008 | Z10: 1.894208 | AA10: 1.429838 | AB10: 1.620863 | AC10: 1.458777 | AD10: 1.147832 | AE10: 2.253635 | AF10: 1.892758 | AG10: 2.43894 | AH10: 2.12 | AI10: 1.473145 | AJ10: 1.035718 | AK10: 3.377635 | AL10: 1.400159 | AM10: 1.05911 | AN10: 3.31 | AO10: 2.163398 | AP10: 2.143852 | AQ10: 1.99 | AR10: 2.398634 | AS10: 2.244596 | AT10: 3.624204 | AU10: 1.51 | AV10: 2.499056 | AW10: 2.553783 | AX10: 1.767891 | AY10: 1.777008 | AZ10: 2.340023 | BA10: 1.4 | BB10: 2.41 | BC10: 2.87 | BD10: 2.43 | BE10: 0.466954 | BF10: =SUM(OFFSET(BF10,0,-1,):OFFSET(BF10,0,-8)) -> 15.461876
A11: % of Jang | B11: =IFERROR(B10/B7,"") -> 1.4946606 | C11: =IFERROR(C10/C7,"") -> 1.2056763 | D11: =IFERROR(D10/D7,"") -> 1 | E11: =IFERROR(E10/E7,"") -> 1.2857143 | F11: =IFERROR(F10/F7,"") -> 0.79617302 | G11: =IFERROR(G10/G7,"") -> 0.69087185 | H11: =IFERROR(H10/H7,"") -> 0.98823514 | I11: =IFERROR(I10/I7,"") -> 1.4297854 | ... BF11: =IFERROR(BF10/BF7,"") -> 0.43361255
A12: Dunya %of Express | B12: =IFERROR(B10/B9,"") -> 2.3555346 | C12: =IFERROR(C10/C9,"") -> 2.1220792 | D12: =IFERROR(D10/D9,"") -> 1.625 | E12: =IFERROR(E10/E9,"") -> 1.2 | F12: =IFERROR(F10/F9,"") -> 3.1052971 | G12: =IFERROR(G10/G9,"") -> 1.3557273 | H12: =IFERROR(H10/H9,"") -> 7.141773 | I12: =IFERROR(I10/I9,"") -> 2.8996006 | ... BE12: =IFERROR(BE10/BE9,"") -> 1.2174591 | BF12: =IFERROR(BF9/BF10,"") -> 0.75003965
A13: % Market share | B13: =IFERROR(B10/(SUM(B7:B10)),"") -> 0.40732301 | C13: =IFERROR(C10/(SUM(C7:C10)),"") -> 0.3194831 | D13: =IFERROR(D10/(SUM(D7:D10)),"") -> 0.30952381 | E13: =IFERROR(E10/(SUM(E7:E10)),"") -> 0.32142857 | F13: =IFERROR(F10/(SUM(F7:F10)),"") -> 0.33917591 | G13: =IFERROR(G10/(SUM(G7:G10)),"") -> 0.27956013 | H13: =IFERROR(H10/(SUM(H7:H10)),"") -> 0.41023754 | I13: =IFERROR(I10/(SUM(I7:I10)),"") -> 0.43145643 | ... BF13: =IFERROR(BF10/(SUM(BF7:BF10)),"") -> 0.22142801
A16: ENGLISH DAILIES
A17: Dawn | B17: 2.951402 | C17: 1.951152 | D17: 3.5 | E17: 1.7 | F17: 4.758676 | G17: 3.709633 | H17: 2.788187 | I17: 3.753219 | J17: 3.518381 | K17: 3.499557 | L17: 3.651924 | M17: 5.162276 | N17: 4.223199 | O17: 4.933044 | P17: 6.432406 | Q17: 2.240695 | R17: 8.221945 | S17: 5.363271 | T17: 3.948154 | U17: 4.945091 | V17: 3.81963 | W17: 5.441662 | X17: 8.065563 | Y17: 6.08723 | Z17: 5.007257 | AA17: 3.2725 | AB17: 3.658168 | AC17: 3.475425 | AD17: 6.10341 | AE17: 6.804263 | AF17: 2.294651 | AG17: 5.503244 | AH17: 2.72 | AI17: 5.170824 | AJ17: 5.427591 | AK17: 7.922926 | AL17: 4.613798 | AM17: 5.311131 | AN17: 8.58 | AO17: 5.42348 | AP17: 6.632195 | AQ17: 6.57 | AR17: 5.065865 | AS17: 6.694883 | AT17: 6.019576 | AU17: 2.65 | AV17: 0.281214 | AW17: 0.083396 | AX17: 0.037153 | AY17: 0.033075 | AZ17: 0.576944 | BA17: 0.48 | BB17: 1.4 | BC17: 0.95 | BD17: 0.93 | BE17: 0.133773 | BF17: =SUM(OFFSET(BF17,0,-1,):OFFSET(BF17,0,-8)) -> 4.540945
A18: The News | B18: 0.378083 | C18: 0.339292 | D18: 0.7 | E18: 0.5 | F18: 1.247253 | G18: 1.371172 | H18: 1.225572 | I18: 0.767275 | J18: 1.069058 | K18: 1.510103 | L18: 1.246025 | M18: 1.865626 | N18: 1.934144 | O18: 1.274461 | P18: 0.286771 | Q18: 0.349383 | R18: 2.105488 | S18: 1.76663 | T18: 2.289104 | U18: 1.012408 | V18: 1.908278 | W18: 2.761346 | X18: 3.179387 | Y18: 2.461293 | Z18: 2.088815 | AA18: 1.468698 | AB18: 1.90153 | AC18: 2.101074 | AD18: 3.078425 | AE18: 2.345292 | AF18: 3.947631 | AG18: 3.070229 | AH18: 3.48 | AI18: 1.482551 | AJ18: 0.950218 | AK18: 1.766551 | AL18: 1.403786 | AM18: 1.33732 | AN18: 1.62 | AO18: 1.396415 | AP18: 3.905142 | AQ18: 4.01 | AR18: 3.591508 | AS18: 4.19272 | AT18: 3.785916 | AU18: 3.21 | AV18: 7.923234 | AW18: 5.854433 | AX18: 4.447672 | AY18: 4.308925 | AZ18: 6.714905 | BA18: 3.81 | BB18: 5.44 | BC18: 5.46 | BD18: 6.59 | BE18: 1.114005 | BF18: =SUM(OFFSET(BF18,0,-1,):OFFSET(BF18,0,-8)) -> 37.885507
A19: The Nation | B19: 1.131262 | C19: 0.371413 | D19: 1.5 | E19: 0.9 | F19: 0.415161 | G19: 0.686373 | H19: 0.304166 | I19: 0.569461 | J19: 0.420458 | K19: 0.373287 | L19: 0.353614 | M19: 0.604065 | N19: 0.530314 | O19: 0.234016 | P19: 0.304439 | Q19: 0.290944 | R19: 0.362507 | S19: 0.254527 | T19: 0.25512 | U19: 0.276931 | V19: 0.39071 | W19: 1.05493 | X19: 0.789246 | Y19: 0.921719 | Z19: 0.56413 | AA19: 0.653518 | AB19: 0.536506 | AC19: 0.353835 | AD19: 0.658058 | AE19: 0.43673 | AF19: 0.649395 | AG19: 0.501743 | AH19: 0.77 | AI19: 0.652696 | AJ19: 0.451407 | AK19: 0.701912 | AL19: 0.549074 | AM19: 0.354365 | AN19: 1.4 | AO19: 0.499979 | AP19: 0.617208 | AQ19: 0.96 | AR19: 0.715545 | AS19: 0.688358 | AT19: 0.689764 | AU19: 0.56 | AV19: 1.489264 | AW19: 1.880253 | AX19: 1.030437 | AY19: 1.1306 | AZ19: 1.548962 | BA19: 0.99 | BB19: 1.03 | BC19: 1 | BD19: 0.45 | BE19: 0.14518 | BF19: =SUM(OFFSET(BF19,0,-1,):OFFSET(BF19,0,-8)) -> 7.325179
A20: Express Tribune | B20: 1.495873 | C20: 0.620766 | D20: 1.7 | E20: 1 | F20: 1.009196 | G20: 1.439434 | H20: 0.675031 | I20: 1.971488 | J20: 2.839953 | K20: 2.256225 | L20: 1.237137 | M20: 1.471249 | N20: 1.596752 | O20: 1.200208 | P20: 2.283781 | Q20: 1.298374 | R20: 1.239839 | S20: 0.9905 | T20: 0.883215 | U20: 2.068274 | V20: 1.363858 | W20: 1.884199 | X20: 1.972792 | Y20: 1.618042 | Z20: 1.485076 | AA20: 1.136699 | AB20: 1.080215 | AC20: 1.257793 | AD20: 1.308056 | AE20: 1.472912 | AF20: 2.691965 | AG20: 2.894302 | AH20: 1.44 | AI20: 1.341708 | AJ20: 2.055301 | AK20: 2.403456 | AL20: 0.930755 | AM20: 1.485433 | AN20: 1.74 | AO20: 1.777371 | AP20: 2.506459 | AQ20: 3.49 | AR20: 3.262595 | AS20: 3.057198 | AT20: 2.922903 | AU20: 2.23 | AV20: 7.939713 | AW20: 5.73411 | AX20: 3.911537 | AY20: 4.079137 | AZ20: 7.596285 | BA20: 4.73 | BB20: 5.52 | BC20: 5.93 | BD20: 7.13 | BE20: 1.798276 | BF20: =SUM(OFFSET(BF20,0,-1,):OFFSET(BF20,0,-8)) -> 40.695235
A21: % of Dawn | B21: =IFERROR(B20/B17,"") -> 0.50683472 | C21: =IFERROR(C20/C17,"") -> 0.31815358 | D21: =IFERROR(D20/D17,"") -> 0.48571429 | E21: =IFERROR(E20/E17,"") -> 0.58823529 | F21: =IFERROR(F20/F17,"") -> 0.21207496 | G21: =IFERROR(G20/G17,"") -> 0.38802599 | H21: =IFERROR(H20/H17,"") -> 0.24210392 | I21: =IFERROR(I20/I17,"") -> 0.52527923 | ... BE21: =IFERROR(BE20/BE17,"") -> 13.442743 | BF21: =IFERROR(BF19/BF17,"") -> 1.6131398
A22: % of News | B22: =IFERROR(B20/B18,"") -> 3.9564672 | C22: =IFERROR(C20/C18,"") -> 1.8295922 | D22: =IFERROR(D20/D18,"") -> 2.4285714 | E22: =IFERROR(E20/E18,"") -> 2 | F22: =IFERROR(F20/F18,"") -> 0.80913495 | G22: =IFERROR(G20/G18,"") -> 1.0497837 | H22: =IFERROR(H20/H18,"") -> 0.55078853 | I22: =IFERROR(I20/I18,"") -> 2.5694673 | ... BF22: =IFERROR(BF20/BF18,"") -> 1.0741637
A23: % Market share | B23: =IFERROR(B20/(SUM(B17:B20)),"") -> 0.25112782 | C23: =IFERROR(C20/(SUM(C17:C20)),"") -> 0.1891067 | D23: =IFERROR(D20/(SUM(D17:D20)),"") -> 0.22972973 | E23: =IFERROR(E20/(SUM(E17:E20)),"") -> 0.24390244 | F23: =IFERROR(F20/(SUM(F17:F20)),"") -> 0.13582196 | G23: =IFERROR(G20/(SUM(G17:G20)),"") -> 0.19973796 | H23: =IFERROR(H20/(SUM(H17:H20)),"") -> 0.13519667 | I23: =IFERROR(I20/(SUM(I17:I20)),"") -> 0.27919053 | ... BF23: =IFERROR(BF20/(SUM(BF17:BF20)),"") -> 0.44993527
A26: SINDHI DAILIES
A27: Kawish | B27: 0.568458 | C27: 0.131592 | D27: 0.32 | E27: 0.21 | F27: 0.360929 | G27: 0.566037 | H27: 0.149187 | I27: 0.066164 | J27: 0.242892 | K27: 0.177932 | L27: 0.147283 | M27: 0.500965 | N27: 0.22605 | O27: 0.191929 | P27: 0.131772 | Q27: 0.204213 | R27: 0.220997 | S27: 0.543918 | T27: 0.501934 | U27: 0.405713 | V27: 0.430936 | W27: 0.22022 | X27: 0.452329 | Y27: 0.972511 | Z27: 0.294863 | AA27: 0.364751 | AB27: 0.128358 | AC27: 0.105244 | AD27: 0.061173 | AE27: 0.366571 | AF27: 0.750142 | AG27: 0.644441 | AH27: 0.39 | AI27: 0.501509 | AJ27: 0.522569 | AK27: 2.003413 | AL27: 0.955909 | AM27: 0.171358 | AN27: 0.52 | AO27: 0.492872 | AP27: 0.710123 | AQ27: 0.98 | AR27: 0.094373 | AS27: 0.689366 | AT27: 0.578189 | AU27: 0.920981 | AV27: 0.597057 | AW27: 0.50445 | AX27: 0.090118 | AY27: 0.656397 | AZ27: 0.32397 | BA27: 0.207942 | BB27: 0.21 | BC27: 0.79 | BD27: 0.477039 | BE27: 0.024394 | BF27: =SUM(OFFSET(BF27,0,-1,):OFFSET(BF27,0,-8)) -> 2.77986
A28: Ibrat | B28: 0.119025 | C28: 0.082362 | D28: 0.1 | E28: 0.06 | F28: 0.015 | G28: 0.163628 | H28: 0.026332 | I28: 0.172764 | J28: 0.211 | K28: 0.030904 | L28: 0.171682 | M28: 0.213522 | N28: 0.277668 | O28: 0.093452 | P28: 0.256038 | Q28: 0.231577 | R28: 0.818947 | S28: 0.572997 | T28: 0.378809 | U28: 0.330581 | V28: 0.499636 | W28: 0.334334 | X28: 0.184537 | Y28: 0.371951 | Z28: 0.151406 | AA28: 0.290994 | AB28: 0.215576 | AC28: 0.19907 | AD28: 0.173593 | AE28: 0.352064 | AF28: 0.277132 | AG28: 0.273919 | AH28: 0.26 | AI28: 0.224841 | AJ28: 0.155372 | AK28: 0.254527 | AL28: 0.130441 | AM28: 0.104538 | AN28: 0.37 | AO28: 0.193015 | AP28: 0.240804 | AQ28: 0.163027 | AR28: 0.245427 | AS28: 0.34016 | AT28: 0.360456 | AU28: 0.26134 | AV28: 0.323518 | AW28: 0.106899 | AX28: 0.042904 | AY28: 0.22999 | AZ28: 0.183365 | BA28: 0.18 | BB28: 0.35 | BC28: 0.173008 | BD28: 0.098893 | BE28: 0.045841 | BF28: =SUM(OFFSET(BF28,0,-1,):OFFSET(BF28,0,-8)) -> 1.304001
A29: Awami Awaz | B29: 0.206626 | C29: 0.190701 | D29: 0.44 | E29: 0.22 | F29: 0.55539 | G29: 0.17834 | H29: 0.181239 | I29: 0.621684 | J29: 0.248061 | K29: 0.32728 | L29: 0.316563 | M29: 0.555493 | N29: 0.865953 | O29: 0.401424 | P29: 0.4259 | Q29: 0.458726 | R29: 0.714839 | S29: 0.543918 | T29: 0.228794 | U29: 0.405967 | V29: 0.458566 | W29: 0.543927 | X29: 0.581093 | Y29: 0.65522 | Z29: 0.29148 | AA29: 0.19998 | AB29: 0.347707 | AC29: 0.458333 | AD29: 0.20288 | AE29: 0.448346 | AF29: 0.627533 | AG29: 0.503226 | AH29: 0.431953 | AI29: 0.375763 | AJ29: 0.54118 | AK29: 0.62488 | AL29: 0.25591 | AM29: 0.364249 | AN29: 0.44 | AO29: 0.15536 | AP29: 0.257733 | AQ29: 0.2 | AR29: 0.43291 | AS29: 0.974899 | AT29: 0.267747 | AU29: 0.37 | AV29: 0.885126 | AW29: 0.704883 | AX29: 0.583003 | AY29: 0.354146 | AZ29: 0.465447 | BA29: 0.20628 | BB29: 0.57 | BC29: 0.76 | BD29: 0.402375 | BE29: 0 | BF29: =SUM(OFFSET(BF29,0,-1,):OFFSET(BF29,0,-8)) -> 3.341251
A30: Sobh | AE30: 0 | AR30: 0 | BF30: =SUM(OFFSET(BF30,0,-1,):OFFSET(BF30,0,-8)) -> 0
A31: Sindh Express | B31: 0.01 | C31: 0 | D31: 0.05 | E31: 0 | F31: 0.02 | G31: 0.042606 | H31: 0.091 | I31: 0.263634 | K31: 0.087747 | L31: 0.05 | M31: 0.054 | N31: 0.054 | O31: 0.06 | P31: 0 | Q31: 0.051227 | R31: 0.054 | S31: 0 | T31: 0 | U31: 0 | V31: 0.126802 | W31: 0.008115 | X31: 0.06 | Y31: 0 | Z31: 0 | AA31: 0 | AB31: 0 | AC31: 0.01 | AD31: 0 | AE31: 0.015216 | AF31: 0.128 | AG31: 0.028 | AH31: 0.05 | AI31: 0 | AJ31: 0 | AK31: 0.109606 | AL31: 0 | AM31: 0.013 | AN31: 0.02 | AO31: 0.086 | AP31: 0.016 | AQ31: 0 | AR31: 0 | AS31: 0.13 | AT31: 0 | AU31: 0 | AV31: 0.028404 | AW31: 0 | AX31: 0 | AY31: 0 | AZ31: 0.01826 | BA31: 0.020288 | BB31: 0 | BC31: 0.07 | BD31: 0.029925 | BE31: 0 | BF31: =SUM(OFFSET(BF31,0,-1,):OFFSET(BF31,0,-8)) -> 0.138473
A32: % of Kawish | B32: =IFERROR(B31/B27,"") -> 0.017591449 | C32: =IFERROR(C31/C27,"") -> 0 | D32: =IFERROR(D31/D27,"") -> 0.15625 | E32: =IFERROR(E31/E27,"") -> 0 | F32: =IFERROR(F31/F27,"") -> 0.05541256 | G32: =IFERROR(G31/G27,"") -> 0.075270698 | H32: =IFERROR(H31/H27,"") -> 0.60997272 | I32: =IFERROR(I31/I27,"") -> 3.9845535 | ... BF32: =IFERROR(BF31/BF27,"") -> 0.04981294
A33: % Market share | B33: =IFERROR(B31/(SUM(B27:B31)),"") -> 0.011060613 | C33: =IFERROR(C31/(SUM(C27:C31)),"") -> 0 | D33: =IFERROR(D31/(SUM(D27:D31)),"") -> 0.054945055 | E33: =IFERROR(E31/(SUM(E27:E31)),"") -> 0 | F33: =IFERROR(F31/(SUM(F27:F31)),"") -> 0.021023442 | G33: =IFERROR(G31/(SUM(G27:G31)),"") -> 0.044819595 | H33: =IFERROR(H31/(SUM(H27:H31)),"") -> 0.20323478 | I33: =IFERROR(I31/(SUM(I27:I31)),"") -> 0.2344985 | ... BF33: =IFERROR(BF31/(SUM(BF27:BF31)),"") -> 0.018307853
A36: Grading
A37: Total /Highest
A38: Medium (50% of Total)
A39: Lowest

Sheet FED-PID(L)
A1: Lahore PIDs Revenues (Federal Government)
A2: From 01/01/2021 To 05/8/2025
A4: Rs in million
B5: Jan'21 | C5: Feb'21 | D5: Mar'21 | E5: Apr'21 | F5: May'21 | G5: Jun'21 | H5: Jul'21 | I5: Aug'21 | J5: Sep'21 | K5: Oct'21 | L5: Nov'21 | M5: Dec'21 | N5: Jan'22 | O5: Feb'22 | P5: Mar'22 | Q5: Apr'22 | R5: May'22 | S5: Jun'22 | T5: Jul'22 | U5: Aug'22 | V5: Sep'22 | W5: Oct'22 | X5: Nov'22 | Y5: Dec'22 | Z5: Jan'23 | AA5: Feb'23 | AB5: Mar'23 | AC5: Apr'23 | AD5: May'23 | AE5: Jun'23 | AF5: Jul'23 | AG5: Aug'23 | AH5: Sep'23 | AI5: Oct'23 | AJ5: Nov'23 | AK5: Dec'23 | AL5: Jan'24 | AM5: Feb'24 | AN5: Mar'24 | AO5: Apr'24 | AP5: May'24 | AQ5: Jun'24 | AR5: ='FED-PID(ALL)'!AR5 -> Jul'24 | AS5: ='FED-PID(ALL)'!AS5 -> Aug'24 | AT5: ='FED-PID(ALL)'!AT5 -> Sep'24 | AU5: ='FED-PID(ALL)'!AU5 -> Oct'24 | AV5: ='FED-PID(ALL)'!AV5 -> Nov'24 | AW5: ='FED-PID(ALL)'!AW5 -> Dec'24 | AX5: ='FED-PID(ALL)'!AX5 -> Jan'25 | AY5: ='FED-PID(ALL)'!AY5 -> Feb'25 | ... BD5: ='FED-PID(ALL)'!BD5 -> Jul'25 | BE5: 1-5-Aug'25 | BF5: TOTAL
A6: URDU DAILIES
A7: Jang | B7: 1.674644 | C7: 1.134093 | D7: 1.2 | E7: 0.4 | F7: 0.829423 | G7: 0.69518 | H7: 0.818567 | I7: 0.700689 | J7: 1.838118 | K7: 1.726094 | L7: 2.430416 | M7: 7.451894 | N7: 4.676241 | O7: 1.958768 | P7: 0.474071 | Q7: 1.621023 | R7: 2.979085 | S7: 2.695308 | T7: 2.230444 | U7: 2.215453 | V7: 4.223681 | W7: 3.38231 | X7: 2.969672 | Y7: 4.52988 | Z7: 3.435362 | AA7: 3.528001 | AB7: 2.564322 | AC7: 3.329073 | AD7: 2.306122 | AE7: 4.299891 | AF7: 5.081638 | AG7: 4.255771 | AH7: 5.47 | AI7: 2.333933 | AJ7: 1.353246 | AK7: 3.48236 | AL7: 3.343499 | AM7: 1.385956 | AN7: 4.47 | AO7: 3.878412 | AP7: 6.168919 | AQ7: 6.52 | AR7: 5.678438 | AS7: 6.720592 | AT7: 4.233543 | AU7: 4.39 | AV7: 4.774066 | AW7: 8.916891 | AX7: 7.532859 | AY7: 5.437969 | AZ7: 4.437766 | BA7: 3.67 | BB7: 6.06 | BC7: 4 | BD7: 4.2 | BE7: 0.757306 | BF7: =SUM(OFFSET(BF7,0,-1,):OFFSET(BF7,0,-8)) -> 36.0959
A8: Nawa-e-Waqt | B8: 1.708733 | C8: 1.548272 | D8: 1.6 | E8: 1.2 | F8: 1.363317 | G8: 2.265465 | H8: 1.686868 | I8: 2.548981 | J8: 2.403331 | K8: 2.717983 | L8: 3.354585 | M8: 3.880864 | N8: 2.050744 | O8: 1.499841 | P8: 4.582111 | Q8: 1.844508 | R8: 1.227479 | S8: 1.788467 | T8: 1.598613 | U8: 0.86029 | V8: 1.29939 | W8: 1.765011 | X8: 2.312933 | Y8: 2.157249 | Z8: 1.346448 | AA8: 1.17567 | AB8: 1.528008 | AC8: 1.547123 | AD8: 0.995743 | AE8: 1.193124 | AF8: 1.534012 | AG8: 1.934749 | AH8: 1.66 | AI8: 1.608455 | AJ8: 1.224948 | AK8: 1.214237 | AL8: 0.879106 | AM8: 0.743141 | AN8: 1.31 | AO8: 2.567525 | AP8: 2.443531 | AQ8: 1.5 | AR8: 1.694068 | AS8: 2.589105 | AT8: 1.429327 | AU8: 1.68 | AV8: 1.217235 | AW8: 2.247178 | AX8: 1.457645 | AY8: 0.993855 | AZ8: 1.314653 | BA8: 2.01 | BB8: 1.43 | BC8: 1.54 | BD8: 1.28 | BE8: 0.210257 | BF8: =SUM(OFFSET(BF8,0,-1,):OFFSET(BF8,0,-8)) -> 10.23641
A9: Dunya | B9: 0.983151 | C9: 0.687927 | D9: 1.1 | E9: 1.1 | F9: 0.64205 | G9: 0.692239 | H9: 0.462874 | I9: 0.984827 | J9: 0.610419 | K9: 0.849336 | L9: 1.946043 | M9: 1.556102 | N9: 1.473781 | O9: 1.625982 | P9: 2.564228 | Q9: 1.621023 | R9: 1.393219 | S9: 0.960309 | T9: 0.980863 | U9: 0.998809 | V9: 0.972884 | W9: 1.964326 | X9: 0.962855 | Y9: 1.366251 | Z9: 1.082591 | AA9: 1.007047 | AB9: 1.405013 | AC9: 1.348179 | AD9: 0.967989 | AE9: 1.0626 | AF9: 1.70929 | AG9: 1.447977 | AH9: 1.43 | AI9: 1.158076 | AJ9: 1.17864 | AK9: 1.410666 | AL9: 2.596798 | AM9: 1.950165 | AN9: 1.22 | AO9: 1.197149 | AP9: 0.889671 | AQ9: 1.16 | AR9: 1.454351 | AS9: 1.430652 | AT9: 1.335019 | AU9: 1.23 | AV9: 1.330673 | AW9: 2.369874 | AX9: 1.640489 | AY9: 2.105076 | AZ9: 2.446487 | BA9: 2.11 | BB9: 1.95 | BC9: 2.3 | BD9: 2.08 | BE9: 0.264418 | BF9: =SUM(OFFSET(BF9,0,-1,):OFFSET(BF9,0,-8)) -> 14.89647
A10: Express | B10: 2.10734 | C10: 1.466788 | D10: 1.3 | E10: 1.7 | F10: 2.606932 | G10: 3.488 | H10: 3.965938 | I10: 5.46157 | J10: 7.149112 | K10: 7.580156 | L10: 7.078437 | M10: 3.254309 | N10: 5.232851 | O10: 4.244954 | P10: 4.163333 | Q10: 3.551235 | R10: 2.653048 | S10: 2.255641 | T10: 3.583345 | U10: 1.95013 | V10: 2.272535 | W10: 3.931319 | X10: 2.99798 | Y10: 3.17717 | Z10: 2.566577 | AA10: 2.460318 | AB10: 2.075771 | AC10: 3.064812 | AD10: 2.795624 | AE10: 3.795782 | AF10: 4.317442 | AG10: 3.675272 | AH10: 4.84 | AI10: 1.913348 | AJ10: 2.257623 | AK10: 1.780386 | AL10: 1.892795 | AM10: 1.52705 | AN10: 3.57 | AO10: 2.644194 | AP10: 2.970484 | AQ10: 3.55 | AR10: 2.863024 | AS10: 3.341982 | AT10: 1.938963 | AU10: 2.31 | AV10: 2.744385 | AW10: 4.345646 | AX10: 4.446511 | AY10: 4.122259 | AZ10: 4.391995 | BA10: 3.92 | BB10: 4.93 | BC10: 4.17 | BD10: 4.97 | BE10: 0.351423 | BF10: =SUM(OFFSET(BF10,0,-1,):OFFSET(BF10,0,-8)) -> 31.302188
A11: % of Jang | B11: =IFERROR(B10/B7,"") -> 1.2583809 | C11: =IFERROR(C10/C7,"") -> 1.2933578 | D11: =IFERROR(D10/D7,"") -> 1.0833333 | E11: =IFERROR(E10/E7,"") -> 4.25 | F11: =IFERROR(F10/F7,"") -> 3.1430669 | G11: =IFERROR(G10/G7,"") -> 5.0174056 | H11: =IFERROR(H10/H7,"") -> 4.8449766 | I11: =IFERROR(I10/I7,"") -> 7.7945708 | ... BE11: =IFERROR(BE10/BE7,"") -> 0.4640436 | BF11: =BF10/BF7 -> 0.86719511
A12: Dunya %of Express | B12: =IFERROR(B9/B10,"") -> 0.46653649 | C12: =IFERROR(C9/C10,"") -> 0.46900234 | D12: =IFERROR(D9/D10,"") -> 0.84615385 | E12: =IFERROR(E9/E10,"") -> 0.64705882 | F12: =IFERROR(F9/F10,"") -> 0.24628567 | G12: =IFERROR(G9/G10,"") -> 0.19846302 | H12: =IFERROR(H9/H10,"") -> 0.11671236 | I12: =IFERROR(I9/I10,"") -> 0.1803194 | ... BE12: =IFERROR(BE9/BE10,"") -> 0.75242087 | BF12: =BF9/BF10 -> 0.47589229
A13: % Market share | B13: =IFERROR(B10/(SUM(B7:B10)),"") -> 0.32551482 | C13: =IFERROR(C10/(SUM(C7:C10)),"") -> 0.30323832 | D13: =IFERROR(D10/(SUM(D7:D10)),"") -> 0.25 | E13: =IFERROR(E10/(SUM(E7:E10)),"") -> 0.38636364 | F13: =IFERROR(F10/(SUM(F7:F10)),"") -> 0.4790638 | G13: =IFERROR(G10/(SUM(G7:G10)),"") -> 0.48845493 | H13: =IFERROR(H10/(SUM(H7:H10)),"") -> 0.57193492 | I13: =IFERROR(I10/(SUM(I7:I10)),"") -> 0.56327684 | ... BE13: =IFERROR(BE10/(SUM(BE7:BE10)),"") -> 0.22194146 | BF13: =IFERROR(BF10/(SUM(BF7:BF10)),0) -> 0.33828878
A16: ENGLISH DAILIES
A17: Dawn | B17: 2.077035 | C17: 0.693126 | D17: 0.8 | E17: 0.7 | F17: 0.825879 | G17: 0.85063 | H17: 0.938671 | I17: 1.152571 | J17: 0.78869 | K17: 1.277866 | L17: 1.922894 | M17: 2.625279 | N17: 2.809245 | O17: 2.206131 | P17: 2.314639 | Q17: 1.895258 | R17: 1.267343 | S17: 1.004879 | T17: 1.612534 | U17: 0.861299 | V17: 2.208561 | W17: 2.150536 | X17: 1.766288 | Y17: 3.230731 | Z17: 2.441835 | AA17: 2.56086 | AB17: 2.056548 | AC17: 1.829615 | AD17: 1.67874 | AE17: 3.012449 | AF17: 1.037159 | AG17: 2.331784 | AH17: 2.1 | AI17: 1.362783 | AJ17: 0.974929 | AK17: 2.512368 | AL17: 2.25752 | AM17: 0.940824 | AN17: 1.45 | AO17: 2.6339 | AP17: 3.939728 | AQ17: 4.1 | AR17: 2.424558 | AS17: 3.591014 | AT17: 1.872334 | AU17: 0.626486 | AV17: 0.213305 | AW17: 0.203014 | AX17: 0.276142 | AY17: 0.468193 | AZ17: 0.437397 | BA17: 0.28 | BB17: 0.88 | BC17: 0.32 | BD17: 0.44555 | BE17: 0.080243 | BF17: =SUM(OFFSET(BF17,0,-1,):OFFSET(BF17,0,-8)) -> 3.187525
A18: The News | B18: 1.015838 | C18: 0.447064 | D18: 0.7 | E18: 0.3 | F18: 0.615428 | G18: 0.894708 | H18: 0.520385 | I18: 0.58244 | J18: 0.980306 | K18: 1.155624 | L18: 1.617784 | M18: 1.684668 | N18: 1.595042 | O18: 1.190958 | P18: 0.369729 | Q18: 1.031451 | R18: 1.946386 | S18: 1.451591 | T18: 1.706103 | U18: 0.946625 | V18: 1.320779 | W18: 1.820571 | X18: 1.76463 | Y18: 1.868868 | Z18: 1.7708 | AA18: 1.780046 | AB18: 2.025713 | AC18: 3.103997 | AD18: 2.629321 | AE18: 2.98566 | AF18: 3.75845 | AG18: 3.410989 | AH18: 2.64 | AI18: 1.664986 | AJ18: 1.869881 | AK18: 1.540553 | AL18: 2.307651 | AM18: 1.571226 | AN18: 2.34 | AO18: 1.991182 | AP18: 2.864557 | AQ18: 3.06 | AR18: 2.648015 | AS18: 1.684586 | AT18: 1.552795 | AU18: 2.21 | AV18: 2.489496 | AW18: 5.023876 | AX18: 3.06047 | AY18: 2.684597 | AZ18: 2.911666 | BA18: 3.14 | BB18: 3.63 | BC18: 3.35 | BD18: 2.75 | BE18: 0.562127 | BF18: =SUM(OFFSET(BF18,0,-1,):OFFSET(BF18,0,-8)) -> 22.08886
A19: The Nation | B19: 0.5721 | C19: 0.686523 | D19: 0.7 | E19: 0.7 | F19: 0.657941 | G19: 0.646003 | H19: 0.717666 | I19: 1.1188 | J19: 1.002515 | K19: 1.051892 | L19: 2.012349 | M19: 1.459464 | N19: 1.18651 | O19: 0.985547 | P19: 1.065052 | Q19: 0.685299 | R19: 0.931515 | S19: 0.820899 | T19: 0.398634 | U19: 0.446088 | V19: 0.777011 | W19: 0.857143 | X19: 0.59883 | Y19: 1.150915 | Z19: 1.018159 | AA19: 0.848015 | AB19: 0.732052 | AC19: 0.706019 | AD19: 0.729216 | AE19: 0.580001 | AF19: 0.863576 | AG19: 0.994451 | AH19: 1.09 | AI19: 0.688419 | AJ19: 1.152294 | AK19: 0.8876 | AL19: 0.859744 | AM19: 0.637383 | AN19: 1.06 | AO19: 0.913016 | AP19: 0.729158 | AQ19: 0.66 | AR19: 0.780472 | AS19: 0.645131 | AT19: 0.671794 | AU19: 0.73 | AV19: 0.640676 | AW19: 1.706953 | AX19: 1.687548 | AY19: 1.047971 | AZ19: 0.993992 | BA19: 0.93 | BB19: 0.89 | BC19: 0.53 | BD19: 0.3 | BE19: 0.008187 | BF19: =SUM(OFFSET(BF19,0,-1,):OFFSET(BF19,0,-8)) -> 6.387698
A20: Express Tribune | B20: 0.716998 | C20: 0.460985 | D20: 1 | E20: 0.8 | F20: 0.957618 | G20: 1.834076 | H20: 1.759153 | I20: 2.363142 | J20: 2.276322 | K20: 2.749958 | L20: 3.214829 | M20: 3.355611 | N20: 1.783712 | O20: 0.635453 | P20: 1.474434 | Q20: 0.847379 | R20: 0.458247 | S20: 0.52169 | T20: 0.309791 | U20: 0.209091 | V20: 1.024326 | W20: 1.268963 | X20: 1.412979 | Y20: 1.647416 | Z20: 0.98158 | AA20: 0.893225 | AB20: 0.80398 | AC20: 0.876657 | AD20: 1.226509 | AE20: 1.003441 | AF20: 4.317442 | AG20: 1.816075 | AH20: 1.32 | AI20: 1.608692 | AJ20: 1.851869 | AK20: 1.803211 | AL20: 2.572381 | AM20: 1.582041 | AN20: 1.84 | AO20: 1.337357 | AP20: 2.162515 | AQ20: 1.85 | AR20: 1.545525 | AS20: 2.047891 | AT20: 1.148666 | AU20: 2.53 | AV20: 2.884345 | AW20: 4.745449 | AX20: 2.999991 | AY20: 2.47099 | AZ20: 2.825762 | BA20: 2.26 | BB20: 2.61 | BC20: 1.77 | BD20: 2.12 | BE20: 0.27966 | BF20: =SUM(OFFSET(BF20,0,-1,):OFFSET(BF20,0,-8)) -> 17.336403
A21: % of Dawn | B21: =IFERROR(B20/B17,"") -> 0.34520266 | C21: =IFERROR(C20/C17,"") -> 0.6650811 | D21: =IFERROR(D20/D17,"") -> 1.25 | E21: =IFERROR(E20/E17,"") -> 1.1428571 | F21: =IFERROR(F20/F17,"") -> 1.1595137 | G21: =IFERROR(G20/G17,"") -> 2.1561384 | H21: =IFERROR(H20/H17,"") -> 1.874089 | I21: =IFERROR(I20/I17,"") -> 2.0503223 | ... BE21: =IFERROR(BE20/BE17,"") -> 3.4851638 | BF21: =BF20/BF17 -> 5.4388289
A22: % of News | B22: =IFERROR(B20/B18,"") -> 0.70581923 | C22: =IFERROR(C20/C18,"") -> 1.0311387 | D22: =IFERROR(D20/D18,"") -> 1.4285714 | E22: =IFERROR(E20/E18,"") -> 2.6666667 | F22: =IFERROR(F20/F18,"") -> 1.5560196 | G22: =IFERROR(G20/G18,"") -> 2.0499157 | H22: =IFERROR(H20/H18,"") -> 3.3804837 | I22: =IFERROR(I20/I18,"") -> 4.0573141 | ... BE22: =IFERROR(BE20/BE18,"") -> 0.49750323 | BF22: =+BF20/BF18 -> 0.78484824
A23: % Market share | B23: =IFERROR(B20/(SUM(B17:B20)),"") -> 0.16362454 | C23: =IFERROR(C20/(SUM(C17:C20)),"") -> 0.20150606 | D23: =IFERROR(D20/(SUM(D17:D20)),"") -> 0.3125 | E23: =IFERROR(E20/(SUM(E17:E20)),"") -> 0.32 | F23: =IFERROR(F20/(SUM(F17:F20)),"") -> 0.3132679 | G23: =IFERROR(G20/(SUM(G17:G20)),"") -> 0.43405799 | H23: =IFERROR(H20/(SUM(H17:H20)),"") -> 0.44695347 | I23: =IFERROR(I20/(SUM(I17:I20)),"") -> 0.4529736 | ... BE23: =IFERROR(BE20/(SUM(BE17:BE20)),"") -> 0.30063953 | BF23: =IFERROR(BF20/(SUM(BF17:BF20)),0) -> 0.35380063
A26: Grading
A27: Total /Highest
A28: Medium (50% of Total)
A29: Lowest

Sheet FED-PID(I)
A1: Islamabad PIDs Revenues (Federal Government)
A2: From 01/01/2021 To 05/8/2025
B5: Jan'21 | C5: Feb'21 | D5: Mar'21 | E5: Apr'21 | F5: May'21 | G5: Jun'21 | H5: Jul'21 | I5: Aug'21 | J5: Sep'21 | K5: Oct'21 | L5: Nov'21 | M5: Dec'21 | N5: Jan'22 | O5: Feb'22 | P5: Mar'22 | Q5: Apr'22 | R5: May'22 | S5: Jun'22 | T5: Jul'22 | U5: Aug'22 | V5: Sep'22 | W5: Oct'22 | X5: Nov'22 | Y5: Dec'22 | Z5: Jan'23 | AA5: Feb'23 | AB5: Mar'23 | AC5: Apr'23 | AD5: May'23 | AE5: Jun'23 | AF5: Jul'23 | AG5: Aug'23 | AH5: Sep'23 | AI5: Oct'23 | AJ5: Nov'23 | AK5: Dec'23 | AL5: Jan'24 | AM5: Feb'24 | AN5: Mar'24 | AO5: Apr'24 | AP5: May'24 | AQ5: Jun'24 | AR5: ='FED-PID(ALL)'!AR5 -> Jul'24 | AS5: ='FED-PID(ALL)'!AS5 -> Aug'24 | AT5: ='FED-PID(ALL)'!AT5 -> Sep'24 | AU5: ='FED-PID(ALL)'!AU5 -> Oct'24 | AV5: ='FED-PID(ALL)'!AV5 -> Nov'24 | AW5: ='FED-PID(ALL)'!AW5 -> Dec'24 | AX5: ='FED-PID(ALL)'!AX5 -> Jan'25 | AY5: ='FED-PID(ALL)'!AY5 -> Feb'25 | ... BD5: ='FED-PID(ALL)'!BD5 -> Jul'25 | BE5: 1-5-Aug'25 | BF5: TOTAL
A6: URDU DAILIES
A7: Jang | B7: 11.56669 | C7: 8.152001 | D7: 6.4 | E7: 3.8 | F7: 9.533213 | G7: 7.153599 | H7: 8.527332 | I7: 9.06303 | J7: 6.781493 | K7: 7.58376 | L7: 8.752046 | M7: 16.858305 | N7: 13.688008 | O7: 9.244538 | P7: 2.299236 | Q7: 5.28185 | R7: 16.972768 | S7: 12.465034 | T7: 10.37162 | U7: 19.52449 | V7: 21.116326 | W7: 13.953009 | X7: 13.281499 | Y7: 13.705052 | Z7: 14.876797 | AA7: 15.643506 | AB7: 20.61462 | AC7: 22.952087 | AD7: 21.257939 | AE7: 15.9305 | AF7: 15.732504 | AG7: 23.538417 | AH7: 13.75 | AI7: 10.777925 | AJ7: 12.322546 | AK7: 17.735392 | AL7: 8.873706 | AM7: 9.459412 | AN7: 18.69 | AO7: 18.800617 | AP7: 26.661437 | AQ7: 20.04 | AR7: 20.362019 | AS7: 24.368281 | AT7: 25.744277 | AU7: 22.26 | AV7: 17.569879 | AW7: 25.132575 | AX7: 21.803424 | AY7: 26.578181 | AZ7: 26.701596 | BA7: 19.51 | BB7: 25.21 | BC7: 32.83 | BD7: 35.03 | BE7: 3.303594 | BF7: =SUM(OFFSET(BF7,0,-1,):OFFSET(BF7,0,-8)) -> 190.96679
A8: Nawa-e-Waqt | B8: 4.196215 | C8: 4.922959 | D8: 4.3 | E8: 5 | F8: 4.976188 | G8: 4.770314 | H8: 4.826027 | I8: 8.658701 | J8: 4.361064 | K8: 5.505766 | L8: 5.071066 | M8: 9.142327 | N8: 6.270446 | O8: 5.239544 | P8: 12.612795 | Q8: 5.702086 | R8: 8.387376 | S8: 3.809398 | T8: 3.006963 | U8: 7.349789 | V8: 7.641558 | W8: 6.279013 | X8: 5.348485 | Y8: 4.437007 | Z8: 6.161142 | AA8: 4.552149 | AB8: 6.356522 | AC8: 6.207619 | AD8: 6.910714 | AE8: 4.337298 | AF8: 4.510186 | AG8: 6.335025 | AH8: 3.38 | AI8: 3.897255 | AJ8: 4.146598 | AK8: 4.599311 | AL8: 2.804302 | AM8: 3.680123 | AN8: 6.9 | AO8: 3.86121 | AP8: 10.139763 | AQ8: 5.43 | AR8: 8.487704 | AS8: 8.863469 | AT8: 7.353723 | AU8: 10.26 | AV8: 5.443946 | AW8: 7.177241 | AX8: 5.855309 | AY8: 6.668225 | AZ8: 7.028152 | BA8: 7.06 | BB8: 7.9 | BC8: 6.58 | BD8: 7.68 | BE8: 1.439488 | BF8: =SUM(OFFSET(BF8,0,-1,):OFFSET(BF8,0,-8)) -> 50.211174
A9: Dunya | B9: 5.392841 | C9: 5.801589 | D9: 3.5 | E9: 4.1 | F9: 3.511227 | G9: 4.368232 | H9: 6.778243 | I9: 6.858292 | J9: 7.271635 | K9: 7.465444 | L9: 5.15349 | M9: 6.726035 | N9: 6.215683 | O9: 6.016273 | P9: 7.557079 | Q9: 4.733232 | R9: 7.721592 | S9: 4.055301 | T9: 4.208695 | U9: 8.878763 | V9: 7.789835 | W9: 5.490564 | X9: 5.751341 | Y9: 5.798986 | Z9: 6.480253 | AA9: 6.41137 | AB9: 9.224103 | AC9: 8.4001 | AD9: 9.079452 | AE9: 5.7008 | AF9: 6.981092 | AG9: 9.449375 | AH9: 4.91 | AI9: 4.16745 | AJ9: 3.884607 | AK9: 3.995217 | AL9: 2.214261 | AM9: 2.457661 | AN9: 5.24 | AO9: 4.223736 | AP9: 7.812407 | AQ9: 4.59 | AR9: 8.383307 | AS9: 9.643926 | AT9: 10.440978 | AU9: 13.37 | AV9: 9.827471 | AW9: 12.82465 | AX9: 10.150123 | AY9: 14.426882 | AZ9: 12.793334 | BA9: 10.89 | BB9: 13.31 | BC9: 15.89 | BD9: 14.49 | BE9: 1.968466 | BF9: =SUM(OFFSET(BF9,0,-1,):OFFSET(BF9,0,-8)) -> 93.918805
A10: Express | B10: 10.969524 | C10: 10.171639 | D10: 6.8 | E10: 8.5 | F10: 8.684331 | G10: 7.047457 | H10: 8.436609 | I10: 12.652272 | J10: 14.299516 | K10: 15.798025 | L10: 10.868137 | M10: 17.788173 | N10: 15.213326 | O10: 10.44259 | P10: 14.969929 | Q10: 8.872308 | R10: 12.812024 | S10: 9.734548 | T10: 7.953118 | U10: 14.972182 | V10: 14.624626 | W10: 11.168131 | X10: 11.67693 | Y10: 9.731174 | Z10: 11.363284 | AA10: 12.891473 | AB10: 12.218957 | AC10: 13.291525 | AD10: 15.034228 | AE10: 10.867112 | AF10: 13.573459 | AG10: 19.212142 | AH10: 7.23 | AI10: 6.157515 | AJ10: 10.998593 | AK10: 11.005206 | AL10: 6.074474 | AM10: 4.866121 | AN10: 14.14 | AO10: 10.738433 | AP10: 19.966148 | AQ10: 11.34 | AR10: 15.155087 | AS10: 16.858303 | AT10: 16.851999 | AU10: 18.37 | AV10: 11.419532 | AW10: 15.557359 | AX10: 12.631986 | AY10: 16.739673 | AZ10: 15.41641 | BA10: 16.74 | BB10: 16.68 | BC10: 17.95 | BD10: 18.64 | BE10: 1.815766 | BF10: =SUM(OFFSET(BF10,0,-1,):OFFSET(BF10,0,-8)) -> 116.61383
A11: % of Jang | B11: =IFERROR(B10/B7,"") -> 0.94837192 | C11: =IFERROR(C10/C7,"") -> 1.2477475 | D11: =IFERROR(D10/D7,"") -> 1.0625 | E11: =IFERROR(E10/E7,"") -> 2.2368421 | F11: =IFERROR(F10/F7,"") -> 0.91095531 | G11: =IFERROR(G10/G7,"") -> 0.98516243 | H11: =IFERROR(H10/H7,"") -> 0.98936092 | I11: =IFERROR(I10/I7,"") -> 1.3960311 | ... BF11: =IFERROR(BF10/BF7,"") -> 0.6106498
A12: Dunya %of Express | B12: =IFERROR(B9/B10,"") -> 0.49162033 | C12: =IFERROR(C9/C10,"") -> 0.57036914 | D12: =IFERROR(D9/D10,"") -> 0.51470588 | E12: =IFERROR(E9/E10,"") -> 0.48235294 | F12: =IFERROR(F9/F10,"") -> 0.4043175 | G12: =IFERROR(G9/G10,"") -> 0.61983095 | H12: =IFERROR(H9/H10,"") -> 0.80343216 | I12: =IFERROR(I9/I10,"") -> 0.54206011 | ... BE12: =IFERROR(BE9/BE10,"") -> 1.0840967 | BF12: =BF9/BF10 -> 0.80538304
A13: % Market share | B13: =IFERROR(B10/(SUM(B7:B10)),"") -> 0.34146091 | C13: =IFERROR(C10/(SUM(C7:C10)),"") -> 0.35016432 | D13: =IFERROR(D10/(SUM(D7:D10)),"") -> 0.32380952 | E13: =IFERROR(E10/(SUM(E7:E10)),"") -> 0.39719626 | F13: =IFERROR(F10/(SUM(F7:F10)),"") -> 0.32519544 | G13: =IFERROR(G10/(SUM(G7:G10)),"") -> 0.30195275 | H13: =IFERROR(H10/(SUM(H7:H10)),"") -> 0.29531457 | I13: =IFERROR(I10/(SUM(I7:I10)),"") -> 0.33981983 | ... BE13: =IFERROR(BE10/(SUM(BE7:BE10)),"") -> 0.21293528 | BF13: =IFERROR(BF10/(SUM(BF7:BF10)),0) -> 0.2581605
A16: ENGLISH DAILIES
A17: Dawn | B17: 8.925397 | C17: 3.130126 | D17: 4.5 | E17: 1.7 | F17: 4.85034 | G17: 3.535098 | H17: 6.890153 | I17: 7.750591 | J17: 4.610631 | K17: 4.036035 | L17: 4.994423 | M17: 8.892566 | N17: 8.51531 | O17: 7.379283 | P17: 10.164415 | Q17: 6.939106 | R17: 8.112884 | S17: 6.8432 | T17: 6.070644 | U17: 8.797898 | V17: 11.472114 | W17: 8.199006 | X17: 7.551086 | Y17: 9.912228 | Z17: 7.90443 | AA17: 9.679033 | AB17: 11.105393 | AC17: 12.503417 | AD17: 14.453314 | AE17: 9.193202 | AF17: 4.281305 | AG17: 10.725926 | AH17: 4.45 | AI17: 6.920113 | AJ17: 6.874706 | AK17: 8.665294 | AL17: 4.951085 | AM17: 5.363593 | AN17: 7.73 | AO17: 6.271043 | AP17: 10.24397 | AQ17: 8.1 | AR17: 7.375614 | AS17: 10.73279 | AT17: 9.652019 | AU17: 1.479671 | AV17: 0.16625 | AW17: 0.223905 | AX17: 0.44197 | AY17: 0.081976 | AZ17: 0.095145 | BA17: 0.15 | BB17: 2.12496 | BC17: 0.144706 | BD17: 0.12 | BE17: 0.011128 | BF17: =SUM(OFFSET(BF17,0,-1,):OFFSET(BF17,0,-8)) -> 3.169885
A18: The News | B18: 4.927373 | C18: 4.285884 | D18: 4 | E18: 2.1 | F18: 5.759281 | G18: 4.854638 | H18: 5.730437 | I18: 3.928739 | J18: 3.091324 | K18: 4.91936 | L18: 5.269125 | M18: 8.226415 | N18: 6.31603 | O18: 4.572295 | P18: 0.884936 | Q18: 4.049208 | R18: 9.351463 | S18: 5.798575 | T18: 6.504462 | U18: 9.52805 | V18: 10.403971 | W18: 7.157437 | X18: 7.163281 | Y18: 7.401809 | Z18: 7.623242 | AA18: 8.40422 | AB18: 8.537264 | AC18: 10.775608 | AD18: 11.304412 | AE18: 8.604616 | AF18: 10.172537 | AG18: 11.980088 | AH18: 8.37 | AI18: 6.563047 | AJ18: 6.411965 | AK18: 6.965774 | AL18: 5.387573 | AM18: 4.642432 | AN18: 8.73 | AO18: 6.436256 | AP18: 11.981895 | AQ18: 8.36 | AR18: 8.640467 | AS18: 10.018687 | AT18: 10.472264 | AU18: 12.62 | AV18: 10.365437 | AW18: 14.673698 | AX18: 13.957211 | AY18: 15.766358 | AZ18: 15.805075 | BA18: 10.67 | BB18: 12.62 | BC18: 14.23 | BD18: 14.39 | BE18: 2.470031 | BF18: =SUM(OFFSET(BF18,0,-1,):OFFSET(BF18,0,-8)) -> 99.908675
A19: The Nation | B19: 2.163467 | C19: 2.800238 | D19: 2.8 | E19: 3.2 | F19: 3.007243 | G19: 1.64142 | H19: 3.245232 | I19: 3.7604 | J19: 2.171625 | K19: 3.337991 | L19: 2.148443 | M19: 2.672497 | N19: 3.220387 | O19: 1.188624 | P19: 3.663403 | Q19: 2.542238 | R19: 3.355075 | S19: 1.622215 | T19: 1.222363 | U19: 2.735979 | V19: 2.703951 | W19: 1.847226 | X19: 2.73441 | Y19: 2.190066 | Z19: 2.534855 | AA19: 2.636737 | AB19: 2.455214 | AC19: 1.705554 | AD19: 2.667272 | AE19: 1.485351 | AF19: 3.198224 | AG19: 2.795075 | AH19: 1.82 | AI19: 1.769217 | AJ19: 2.229395 | AK19: 2.201388 | AL19: 1.548157 | AM19: 1.310664 | AN19: 2.65 | AO19: 1.451833 | AP19: 4.28796 | AQ19: 2.29 | AR19: 3.62356 | AS19: 4.19523 | AT19: 2.027102 | AU19: 4.93 | AV19: 3.211908 | AW19: 4.092264 | AX19: 4.755675 | AY19: 5.064682 | AZ19: 3.692417 | BA19: 4.93 | BB19: 4.75 | BC19: 3.87 | BD19: 3.29 | BE19: 0.407239 | BF19: =SUM(OFFSET(BF19,0,-1,):OFFSET(BF19,0,-8)) -> 30.760013
A20: Express Tribune | B20: 3.586504 | C20: 2.663305 | D20: 3.6 | E20: 3.5 | F20: 3.599151 | G20: 2.143929 | H20: 3.777123 | I20: 4.989888 | J20: 5.592214 | K20: 5.562293 | L20: 2.51925 | M20: 5.924164 | N20: 5.627517 | O20: 3.27211 | P20: 6.057581 | Q20: 4.678435 | R20: 3.242156 | S20: 2.267138 | T20: 1.827297 | U20: 4.618544 | V20: 3.184154 | W20: 3.237813 | X20: 3.359335 | Y20: 3.038496 | Z20: 3.23041 | AA20: 3.374343 | AB20: 3.324167 | AC20: 3.203327 | AD20: 5.382523 | AE20: 3.692506 | AF20: 5.915981 | AG20: 6.575856 | AH20: 4.06 | AI20: 3.668579 | AJ20: 3.089973 | AK20: 3.567237 | AL20: 2.410568 | AM20: 2.096153 | AN20: 4.83 | AO20: 2.86229 | AP20: 6.270897 | AQ20: 3.92 | AR20: 5.10347 | AS20: 5.951916 | AT20: 5.824681 | AU20: 7.26 | AV20: 6.668408 | AW20: 9.86991 | AX20: 7.477545 | AY20: 9.637859 | AZ20: 9.283621 | BA20: 6.82 | BB20: 8.53 | BC20: 10.78 | BD20: 9.88 | BE20: 1.182898 | BF20: =SUM(OFFSET(BF20,0,-1,):OFFSET(BF20,0,-8)) -> 63.591923
A21: % of Dawn | B21: =IFERROR(B20/B17,"") -> 0.40183131 | C21: =IFERROR(C20/C17,"") -> 0.85086191 | D21: =IFERROR(D20/D17,"") -> 0.8 | E21: =IFERROR(E20/E17,"") -> 2.0588235 | F21: =IFERROR(F20/F17,"") -> 0.74204097 | G21: =IFERROR(G20/G17,"") -> 0.60646947 | H21: =IFERROR(H20/H17,"") -> 0.54819146 | I21: =IFERROR(I20/I17,"") -> 0.64380742 | ... BF21: =IFERROR(BF20/BF17,"") -> 20.061271
A22: % of News | B22: =IFERROR(B20/B18,"") -> 0.72787345 | C22: =IFERROR(C20/C18,"") -> 0.62141323 | D22: =IFERROR(D20/D18,"") -> 0.9 | E22: =IFERROR(E20/E18,"") -> 1.6666667 | F22: =IFERROR(F20/F18,"") -> 0.62493061 | G22: =IFERROR(G20/G18,"") -> 0.4416249 | H22: =IFERROR(H20/H18,"") -> 0.6591335 | I22: =IFERROR(I20/I18,"") -> 1.2700991 | ... BE22: =IFERROR(BE20/BE18,"") -> 0.47890006 | BF22: =+BF20/BF18 -> 0.63650051
A23: % Market share | B23: =IFERROR(B20/(SUM(B17:B20)),"") -> 0.18295931 | C23: =IFERROR(C20/(SUM(C17:C20)),"") -> 0.20678551 | D23: =IFERROR(D20/(SUM(D17:D20)),"") -> 0.24161074 | E23: =IFERROR(E20/(SUM(E17:E20)),"") -> 0.33333333 | F23: =IFERROR(F20/(SUM(F17:F20)),"") -> 0.20905831 | G23: =IFERROR(G20/(SUM(G17:G20)),"") -> 0.1760915 | H23: =IFERROR(H20/(SUM(H17:H20)),"") -> 0.19228904 | I23: =IFERROR(I20/(SUM(I17:I20)),"") -> 0.24424774 | ... BE23: =IFERROR(BE20/(SUM(BE17:BE20)),"") -> 0.29054581 | BF23: =IFERROR(BF20/(SUM(BF17:BF20)),0) -> 0.32209777
A26: SINDHI DAILIES
A27: Kawish | B27: 1.227326 | C27: 0.990093 | D27: 1.18 | E27: 1.1 | F27: 1.035925 | G27: 0.468364 | H27: 1.423686 | I27: 1.614053 | J27: 0.807708 | K27: 1.063571 | L27: 1.876702 | M27: 1.338678 | N27: 2.077531 | O27: 0.345309 | P27: 1.6333 | Q27: 0.573528 | R27: 2.016602 | S27: 0.98012 | T27: 0.332016 | U27: 1.863152 | V27: 1.643205 | W27: 1.241367 | X27: 1.578011 | Y27: 0.881608 | Z27: 1.60295 | AA27: 1.606597 | AB27: 1.087253 | AC27: 1.662814 | AD27: 1.510794 | AE27: 0.693395 | AF27: 1.267398 | AG27: 1.835694 | AH27: 1.279064 | AI27: 0.96437 | AJ27: 1.253304 | AK27: 1.131115 | AL27: 0.344385 | AM27: 0.153533 | AN27: 0.52 | AO27: 0.34802 | AP27: 1.085814 | AQ27: 1.06 | AR27: 1.127538 | AS27: 1.385631 | AT27: 1.325519 | AU27: 0.95 | AV27: 0.962474 | AW27: 0.926745 | AX27: 1.151389 | AY27: 1.907653 | AZ27: 2.417283 | BA27: 2.627493 | BB27: 3.48 | BC27: 1.57 | BD27: 1.180672 | BE27: 0.710138 | BF27: =SUM(OFFSET(BF27,0,-1,):OFFSET(BF27,0,-8)) -> 15.044628
A28: Ibrat | B28: 0.38305 | C28: 0.76917 | D28: 0.19 | E28: 1.03 | F28: 1.84803 | G28: 0.468717 | H28: 1.718746 | I28: 0.451205 | J28: 0.496594 | K28: 0.168429 | L28: 0.677666 | M28: 0.763807 | N28: 0.743558 | O28: 0.165256 | P28: 0.387889 | Q28: 0.104658 | R28: 1.768545 | S28: 0.293416 | T28: 0.129799 | U28: 1.874388 | V28: 1.316845 | W28: 0.983792 | X28: 0.573794 | Y28: 0.999759 | Z28: 0.743108 | AA28: 1.125953 | AB28: 0.688785 | AC28: 0.952887 | AD28: 0.909105 | AE28: 0.27917 | AF28: 0.396876 | AG28: 0.420854 | AH28: 0.246651 | AI28: 0.532071 | AJ28: 0.424421 | AK28: 0.445359 | AL28: 0.140587 | AM28: 0.041206 | AN28: 0.56 | AO28: 0.069535 | AP28: 0.459446 | AQ28: 0.400727 | AR28: 0.549069 | AS28: 0.550098 | AT28: 1.017522 | AU28: 0.5 | AV28: 0.344069 | AW28: 0.895198 | AX28: 1.086529 | AY28: 1.512814 | AZ28: 1.926892 | BA28: 2.42291 | BB28: 2.32 | BC28: 0.35 | BD28: 1.084222 | BE28: 0.411026 | BF28: =SUM(OFFSET(BF28,0,-1,):OFFSET(BF28,0,-8)) -> 11.114393
A29: Awami Awaz | B29: 0.56785 | C29: 0.461133 | D29: 0.72 | E29: 0.51 | F29: 0.68292 | G29: 0.3611 | H29: 0.732499 | I29: 1.105473 | J29: 0.71763 | K29: 0.474827 | L29: 1.008112 | M29: 2.019166 | N29: 0.837085 | O29: 0.27236 | P29: 1.422699 | Q29: 0.626916 | R29: 1.307462 | S29: 0.748699 | T29: 0.2212 | U29: 0.965906 | V29: 1.161876 | W29: 0.683614 | X29: 0.563532 | Y29: 0.323953 | Z29: 0.487166 | AA29: 1.010912 | AB29: 1.052613 | AC29: 1.36638 | AD29: 0.391847 | AE29: 0.48338 | AF29: 0.69138 | AG29: 1.29338 | AH29: 0.582807 | AI29: 0.763459 | AJ29: 0.108493 | AK29: 0.753166 | AL29: 0.124167 | AM29: 0.1754 | AN29: 0.72 | AO29: 0.483413 | AP29: 0.864629 | AQ29: 0.78 | AR29: 1.058773 | AS29: 0.927659 | AT29: 1.016384 | AU29: 1.27 | AV29: 0.585139 | AW29: 0.736279 | AX29: 0.774172 | AY29: 0.829027 | AZ29: 0.522978 | BA29: 0.46 | BB29: 1.75 | BC29: 0.51 | BD29: 1.3 | BE29: 0.429763 | BF29: =SUM(OFFSET(BF29,0,-1,):OFFSET(BF29,0,-8)) -> 6.57594
A30: Sobh | AD30: 0.319182 | BF30: =SUM(OFFSET(BF30,0,-1,):OFFSET(BF30,0,-7)) -> 0
A31: Sindh Express | B31: 0.19073 | C31: 0.175356 | D31: 0.27 | E31: 0.12 | F31: 0.325416 | G31: 0.160278 | H31: 0.549307 | I31: 0.517861 | J31: 0.075113 | K31: 0.109557 | L31: 0.193102 | M31: 0.372292 | N31: 0.532286 | O31: 0.657342 | P31: 1.529907 | Q31: 0.316498 | R31: 0.505764 | S31: 0.123252 | T31: 0.321663 | U31: 1.420696 | V31: 0.808493 | W31: 0.265779 | X31: 0.678375 | Y31: 0.477796 | Z31: 0.604086 | AA31: 0.87632 | AB31: 0.357077 | AC31: 0.363658 | AD31: 0.319182 | AE31: 0.441885 | AF31: 0.239131 | AG31: 0.775523 | AH31: 0.101442 | AI31: 0.421334 | AJ31: 0.770959 | AK31: 0.391567 | AL31: 0.56554 | AM31: 0.04 | AN31: 0.21 | AO31: 0.19274 | AP31: 1.012829 | AQ31: 0.55 | AR31: 0.602059 | AS31: 1.063619 | AT31: 0.080139 | AU31: 0.54 | AV31: 0.054779 | AW31: 0.36722 | AX31: 0.116659 | AY31: 0.141005 | AZ31: 0.306356 | BA31: 0.27 | BB31: 0.23 | BC31: 0.113615 | BD31: 0.206942 | BE31: 0.083182 | BF31: =SUM(OFFSET(BF31,0,-1,):OFFSET(BF31,0,-7)) -> 1.3511
A32: % of Kawish | B32: =IFERROR(B31/B27,"") -> 0.15540288 | C32: =IFERROR(C31/C27,"") -> 0.17711064 | D32: =IFERROR(D31/D27,"") -> 0.22881356 | E32: =IFERROR(E31/E27,"") -> 0.10909091 | F32: =IFERROR(F31/F27,"") -> 0.31413085 | G32: =IFERROR(G31/G27,"") -> 0.3422082 | H32: =IFERROR(H31/H27,"") -> 0.38583438 | I32: =IFERROR(I31/I27,"") -> 0.3208451 | ... BF32: =IFERROR(BF31/BF27,"") -> 0.089806142
A33: % Market share | B33: =IFERROR(B31/(SUM(B27:B31)),"") -> 0.080512259 | C33: =IFERROR(C31/(SUM(C27:C31)),"") -> 0.073194554 | D33: =IFERROR(D31/(SUM(D27:D31)),"") -> 0.11440678 | E33: =IFERROR(E31/(SUM(E27:E31)),"") -> 0.043478261 | F33: =IFERROR(F31/(SUM(F27:F31)),"") -> 0.08360526 | G33: =IFERROR(G31/(SUM(G27:G31)),"") -> 0.10989544 | H33: =IFERROR(H31/(SUM(H27:H31)),"") -> 0.12415856 | I33: =IFERROR(I31/(SUM(I27:I31)),"") -> 0.14039531 | ... BE33: =IFERROR(BE31/(SUM(BE27:BE31)),"") -> 0.050903581 | BF33: =IFERROR(BF31/(SUM(BF27:BF31)),0) -> 0.039637904
A36: Grading
A37: Total /Highest
A38: Medium (50% of Total)
A39: Lowest

Sheet FED-PID(P)
A1: Peshawar PIDs Revenues (Federal Government)
A2: From 01/01/2021 To 05/8/2025
A4: Rs in million
B5: Jan'21 | C5: Feb'21 | D5: Mar'21 | E5: Apr'21 | F5: May'21 | G5: Jun'21 | H5: Jul'21 | I5: Aug'21 | J5: Sep'21 | K5: Oct'21 | L5: Nov'21 | M5: Dec'21 | N5: Jan'22 | O5: Feb'22 | P5: Mar'22 | Q5: Apr'22 | R5: May'22 | S5: Jun'22 | T5: Jul'22 | U5: Aug'22 | V5: Sep'22 | W5: Oct'22 | X5: Nov'22 | Y5: Dec'22 | Z5: Jan'23 | AA5: Feb'23 | AB5: Mar'23 | AC5: Apr'23 | AD5: May'23 | AE5: Jun'23 | AF5: Jul'23 | AG5: Aug'23 | AH5: Sep'23 | AI5: Oct'23 | AJ5: Nov'23 | AK5: Dec'23 | AL5: Jan'24 | AM5: Feb'24 | AN5: Mar'24 | AO5: Apr'24 | AP5: May'24 | AQ5: Jun'24 | AR5: ='FED-PID(ALL)'!AR5 -> Jul'24 | AS5: ='FED-PID(ALL)'!AS5 -> Aug'24 | AT5: ='FED-PID(ALL)'!AT5 -> Sep'24 | AU5: ='FED-PID(ALL)'!AU5 -> Oct'24 | AV5: ='FED-PID(ALL)'!AV5 -> Nov'24 | AW5: ='FED-PID(ALL)'!AW5 -> Dec'24 | AX5: ='FED-PID(ALL)'!AX5 -> Jan'25 | AY5: ='FED-PID(ALL)'!AY5 -> Feb'25 | ... BD5: ='FED-PID(ALL)'!BD5 -> Jul'25 | BE5: 1-5-Aug'25 | BF5: TOTAL
A6: URDU DAILIES
A7: Jang | B7: 0 | C7: 0.080244 | D7: 0.09 | E7: 0 | F7: 0.021382 | G7: 0 | H7: 0 | I7: 0.019244 | J7: 0.058879 | K7: 0.04811 | L7: 0.049892 | M7: 0.014 | N7: 0.010691 | O7: 0.187443 | P7: 0.02246 | Q7: 0.012829 | R7: 0.122742 | S7: 0.035637 | T7: 0.019244 | U7: 0.218233 | V7: 0.083392 | W7: 0.010691 | X7: 0.127093 | Y7: 0.115342 | Z7: 0.010691 | AA7: 0.094689 | AB7: 0.037776 | AC7: 0.041992 | AD7: 0.198892 | AE7: 0.073876 | AF7: 0.349831 | AG7: 0.062988 | AH7: 0.1 | AI7: 0.03825 | AJ7: 0.052022 | AK7: 0.297552 | AL7: 0.023329 | AM7: 0.010304 | AN7: 0.07438 | AO7: 0.030328 | AP7: 0.047182 | AQ7: 0.042635 | AR7: 0.047486 | AS7: 0.117814 | AT7: 0 | AU7: 0.044132 | AV7: 0.048991 | AW7: 0.339112 | AX7: 0.094485 | AY7: 0.129866 | AZ7: 0.048283 | BA7: 0.344002 | BB7: 0.457271 | BC7: 0.04 | BD7: 0.017005 | BE7: 0 | BF7: =SUM(OFFSET(BF7,0,-1,):OFFSET(BF7,0,-8)) -> 1.130912
A8: Nawa-e-Waqt | B8: 0 | C8: 0.044624 | D8: 0.02 | E8: 0 | F8: 0.031452 | G8: 0 | H8: 0 | I8: 0 | J8: 0 | K8: 0 | L8: 0.082198 | M8: 0 | N8: 0 | O8: 0 | P8: 0 | Q8: 0 | R8: 0 | S8: 0.023298 | T8: 0 | U8: 0 | V8: 0.060283 | W8: 0 | X8: 0 | Y8: 0.075886 | Z8: 0 | AA8: 0 | AB8: 0 | AC8: 0 | AD8: 0 | AE8: 0 | AF8: 0.016935 | AG8: 0.042519 | AH8: 0.03 | AI8: 0.008737 | AJ8: 0 | AK8: 0.02605 | AL8: 0.019221 | AM8: 0 | AN8: 0 | AO8: 0.002912 | AP8: 0.010484 | AQ8: 0 | AR8: 0 | AS8: 0 | AT8: 0 | AU8: 0 | AV8: 0.01944 | AW8: 0.085986 | AX8: 0.01944 | AY8: 0.017474 | AZ8: 0.022716 | BA8: 0.029551 | BB8: 0.386069 | BC8: 0.01 | BD8: 0 | BE8: 0.027 | BF8: =SUM(OFFSET(BF8,0,-1,):OFFSET(BF8,0,-8)) -> 0.51225
A9: Dunya | B9: 0 | C9: 0 | D9: 0 | E9: 0.02 | F9: 0 | G9: 0 | H9: 0 | I9: 0 | J9: 0 | K9: 0 | L9: 0 | M9: 0 | N9: 0 | O9: 0 | P9: 0 | Q9: 0 | R9: 0 | S9: 0 | T9: 0 | U9: 0 | V9: 0.049836 | W9: 0 | X9: 0 | Y9: 0 | Z9: 0.080184 | AA9: 0.059395 | AB9: 0.086716 | AC9: 0 | AD9: 0.028213 | AE9: 0 | AF9: 0.022273 | AG9: 0.048998 | AH9: 0.1 | AI9: 0.044308 | AJ9: 0 | AK9: 0 | AL9: 0 | AM9: 0 | AN9: 0 | AO9: 0 | AP9: 0 | AQ9: 0 | AR9: 0 | AS9: 0 | AT9: 0.018376 | AU9: 0 | AV9: 0 | AW9: 0.0168 | AX9: 0 | AY9: 0.007239 | AZ9: 0.008352 | BA9: 0 | BB9: 0.021 | BC9: 0 | BD9: 0.01344 | BE9: 0 | BF9: =SUM(OFFSET(BF9,0,-1,):OFFSET(BF9,0,-8)) -> 0.050031
A10: Aaj | B10: 0.304154 | C10: 0.343083 | D10: 0.13 | E10: 0.55 | F10: 0.639848 | G10: 0.234129 | H10: 0.113858 | I10: 0.072163 | J10: 0.322079 | K10: 0.506212 | L10: 0.367233 | M10: 0.194039 | N10: 0.499607 | O10: 0.498729 | P10: 0.194573 | Q10: 0.469862 | R10: 0.167311 | S10: 0.327676 | T10: 0.194137 | U10: 0.059334 | V10: 0.264783 | W10: 0.309598 | X10: 0.440466 | Y10: 0.490712 | Z10: 0.598568 | AA10: 0.566082 | AB10: 0.446758 | AC10: 0.210611 | AD10: 0.59941 | AE10: 0.36349 | AF10: 1.40827 | AG10: 0.825353 | AH10: 0.25 | AI10: 0.148595 | AJ10: 0.642902 | AK10: 0.293998 | AL10: 0.071628 | AM10: 0.127585 | AN10: 0.306966 | AO10: 0.168781 | AP10: 0.202168 | AQ10: 0.135076 | AR10: 0.076451 | AS10: 0.066698 | AT10: 0.117065 | AU10: 0.17 | AV10: 0.044509 | AW10: 0.212225 | AX10: 0.119039 | AY10: 0.204195 | AZ10: 0.099537 | BA10: 0.116409 | BB10: 0.25 | BC10: 0.52 | BD10: 0.164638 | BE10: 0 | BF10: =SUM(OFFSET(BF10,0,-1,):OFFSET(BF10,0,-8)) -> 1.473818
A11: Mashriq | B11: 0.194216 | C11: 0.495846 | D11: 0.31 | E11: 0.41 | F11: 0.72912 | G11: 0.15841 | H11: 0.16503 | I11: 0.109043 | J11: 0.364561 | K11: 0.150815 | L11: 0.188791 | M11: 0.108501 | N11: 0.127163 | O11: 0.257145 | P11: 0.102533 | Q11: 0.13454 | R11: 0.211033 | S11: 0.194373 | T11: 0.108068 | U11: 0.186622 | V11: 0.252026 | W11: 0.208321 | X11: 0.245753 | Y11: 0.290781 | Z11: 0.588236 | AA11: 0.507568 | AB11: 0.565285 | AC11: 0.337979 | AD11: 0.545213 | AE11: 0.487708 | AF11: 1.110283 | AG11: 0.640718 | AH11: 0.3 | AI11: 0.255775 | AJ11: 0.632864 | AK11: 0.354746 | AL11: 0.337436 | AM11: 0.268933 | AN11: 0.187328 | AO11: 0.2223 | AP11: 0.315735 | AQ11: 0.159495 | AR11: 0.098085 | AS11: 0.068355 | AT11: 0.063128 | AU11: 0.06 | AV11: 0.100363 | AW11: 0.219803 | AX11: 0.11085 | AY11: 0.157741 | AZ11: 0.062542 | BA11: 0.13362 | BB11: 0.3 | BC11: 0.13 | BD11: 0.13156 | BE11: 0 | BF11: =SUM(OFFSET(BF11,0,-1,):OFFSET(BF11,0,-8)) -> 1.026313
A12: Express | B12: 0.014689 | C12: 0.029378 | D12: 0 | E12: 0.06 | F12: 0.082226 | G12: 0.00897 | H12: 0.14526 | I12: 0.00897 | J12: 0.047448 | K12: 0.064971 | L12: 0.137033 | M12: 0.031413 | N12: 0 | O12: 0 | P12: 0 | Q12: 0 | R12: 0.04131 | S12: 0.074647 | T12: 0.019279 | U12: 0.094185 | V12: 0 | W12: 0.086098 | X12: 0.099019 | Y12: 0.239016 | Z12: 0.025152 | AA12: 0 | AB12: 0.110173 | AC12: 0.059004 | AD12: 0.172604 | AE12: 0.023257 | AF12: 0.448542 | AG12: 0.430809 | AH12: 0.027117 | AI12: 0.022126 | AJ12: 0.109623 | AK12: 0.039542 | AL12: 0.075979 | AM12: 0.049312 | AN12: 0.017137 | AO12: 0.035172 | AP12: 0.034794 | AQ12: 0.14 | AR12: 0.098146 | AS12: 0.045974 | AT12: 0.082309 | AU12: 0.09 | AV12: 0.096828 | AW12: 0.166383 | AX12: 0.030296 | AY12: 0.104627 | AZ12: 0.129482 | BA12: 0.16 | BB12: 0.21 | BC12: 0.14 | BD12: 0.122797 | BE12: 0 | BF12: =SUM(OFFSET(BF12,0,-1,):OFFSET(BF12,0,-8)) -> 0.897202
A13: % of Aaj | B13: =IFERROR(B12/B10,"") -> 0.048294614 | C13: =IFERROR(C12/C10,"") -> 0.085629425 | D13: =IFERROR(D12/D10,"") -> 0 | E13: =IFERROR(E12/E10,"") -> 0.10909091 | F13: =IFERROR(F12/F10,"") -> 0.12850865 | G13: =IFERROR(G12/G10,"") -> 0.038312212 | H13: =IFERROR(H12/H10,"") -> 1.2757997 | I13: =IFERROR(I12/I10,"") -> 0.12430193 | ... BF13: =IFERROR(BF12/BF10,"") -> 0.60876038
A14: % of Mash | B14: =IFERROR(B12/B11,"") -> 0.075632286 | C14: =IFERROR(C12/C11,"") -> 0.059248234 | D14: =IFERROR(D12/D11,"") -> 0 | E14: =IFERROR(E12/E11,"") -> 0.14634146 | F14: =IFERROR(F12/F11,"") -> 0.1127743 | G14: =IFERROR(G12/G11,"") -> 0.056625213 | H14: =IFERROR(H12/H11,"") -> 0.8802036 | I14: =IFERROR(I12/I11,"") -> 0.082261126 | ... BF14: =IFERROR(BF12/BF11,"") -> 0.8741992
A15: % Market share | B15: =IFERROR(B12/(SUM(B7:B12)),"") -> 0.028630236 | C15: =IFERROR(C12/(SUM(C7:C12)),"") -> 0.029579883 | D15: =IFERROR(D12/(SUM(D7:D12)),"") -> 0 | E15: =IFERROR(E12/(SUM(E7:E12)),"") -> 0.057692308 | F15: =IFERROR(F12/(SUM(F7:F12)),"") -> 0.054670525 | G15: =IFERROR(G12/(SUM(G7:G12)),"") -> 0.02234072 | H15: =IFERROR(H12/(SUM(H7:H12)),"") -> 0.3424748 | I15: =IFERROR(I12/(SUM(I7:I12)),"") -> 0.042832585 | ... BF15: =IFERROR(BF12/(SUM(BF7:BF12)),"") -> 0.17624937
A17: ENGLISH DAILIES
A18: Dawn | B18: 0 | C18: 0.067763 | D18: 0 | E18: 0.19 | F18: 0.025344 | G18: 0.009216 | H18: 0.00576 | I18: 0 | J18: 0.017856 | K18: 0.014592 | L18: 0 | M18: 0.021513 | N18: 0.01728 | O18: 0.181551 | P18: 0.00864 | Q18: 0.008064 | R18: 0.05319 | S18: 0.074166 | T18: 0.009249 | U18: 0.038016 | V18: 0.0336 | W18: 0.092466 | X18: 0.059969 | Y18: 0.17874 | Z18: 0.093929 | AA18: 0.144456 | AB18: 0.08581 | AC18: 0.076927 | AD18: 0.166851 | AE18: 0.089235 | AF18: 0.036367 | AG18: 0.153993 | AH18: 0.01425 | AI18: 0.091312 | AJ18: 0.217059 | AK18: 0.197281 | AL18: 0.11223 | AM18: 0.101487 | AN18: 0.113013 | AO18: 0.155717 | AP18: 0.094414 | AQ18: 0.03 | AR18: 0.068105 | AS18: 0 | AT18: 0 | AU18: 0.08 | AV18: 0 | AW18: 0.102518 | AX18: 0.018275 | AY18: 0.21305 | AZ18: 0.005895 | BA18: 0.079189 | BB18: 0.11 | BC18: 0.008843 | BD18: 0.066769 | BE18: 0 | BF18: =SUM(OFFSET(BF18,0,-1,):OFFSET(BF18,0,-8)) -> 0.502021
A19: The News | B19: 0.130422 | C19: 0.066828 | D19: 0.08 | E19: 0.12 | F19: 0.188725 | G19: 0.063202 | H19: 0.073973 | I19: 0 | J19: 0.055267 | K19: 0.133161 | L19: 0.06292 | M19: 0.350303 | N19: 0.012754 | O19: 0.087736 | P19: 0 | Q19: 0.056117 | R19: 0.065991 | S19: 0.023807 | T19: 0.009044 | U19: 0.056962 | V19: 0.088428 | W19: 0.148394 | X19: 0.172319 | Y19: 0.226534 | Z19: 0.183655 | AA19: 0.095228 | AB19: 0.130443 | AC19: 0.10522 | AD19: 0.152878 | AE19: 0.024139 | AF19: 0.198813 | AG19: 0.291495 | AH19: 0.25 | AI19: 0.083572 | AJ19: 0.15826 | AK19: 0.149255 | AL19: 0.096173 | AM19: 0.146835 | AN19: 0.063145 | AO19: 0.081803 | AP19: 0.086462 | AQ19: 0.017578 | AR19: 0.048008 | AS19: 0.062178 | AT19: 0.137754 | AU19: 0.13 | AV19: 0.199271 | AW19: 0.44986 | AX19: 0.185051 | AY19: 0.161013 | AZ19: 0.147817 | BA19: 0.26 | BB19: 0.49 | BC19: 0.23 | BD19: 0.24 | BE19: 0.029709 | BF19: =SUM(OFFSET(BF19,0,-1,):OFFSET(BF19,0,-8)) -> 1.74359
A20: The Nation | B20: 0 | C20: 0 | D20: 0.06 | E20: 0.06 | F20: 0 | G20: 0.025303 | H20: 0.021606 | I20: 0.018885 | J20: 0.025613 | K20: 0.010819 | L20: 0.014658 | M20: 0.012041 | N20: 0 | O20: 0.007853 | P20: 0 | Q20: 0.008376 | R20: 0 | S20: 0 | T20: 0 | U20: 0 | V20: 0.02009 | W20: 0.005235 | X20: 0.033504 | Y20: 0.007853 | Z20: 0.042085 | AA20: 0.018323 | AB20: 0.038355 | AC20: 0.01047 | AD20: 0.012041 | AE20: 0 | AF20: 0.060104 | AG20: 0.07505 | AH20: 0.06 | AI20: 0.022885 | AJ20: 0.06058 | AK20: 0.035307 | AL20: 0.048663 | AM20: 0.02812 | AN20: 0.016404 | AO20: 0.033402 | AP20: 0.027057 | AQ20: 0 | AR20: 0.02442 | AS20: 0.01047 | AT20: 0.017906 | AU20: 0.05 | AV20: 0.075716 | AW20: 0.019442 | AX20: 0.007853 | AY20: 0.071415 | AZ20: 0.051589 | BA20: 0.006282 | BB20: 0.005235 | BC20: 0.02 | BD20: 0.006549 | BE20: 0.002547 | BF20: =SUM(OFFSET(BF20,0,-1,):OFFSET(BF20,0,-8)) -> 0.17147
A21: Express Tribune | B21: 0 | C21: 0.006677 | D21: 0.03 | E21: 0.05 | F21: 0.035166 | G21: 0.010683 | H21: 0.0135 | I21: 0 | J21: 0.028044 | K21: 0 | L21: 0.010016 | M21: 0 | N21: 0.006677 | O21: 0.047359 | P21: 0.016819 | Q21: 0.008013 | R21: 0.025373 | S21: 0.002671 | T21: 0.022035 | U21: 0.045102 | V21: 0.013354 | W21: 0.023516 | X21: 0.059969 | Y21: 0.020031 | Z21: 0.072113 | AA21: 0.074746 | AB21: 0.03029 | AC21: 0.005787 | AD21: 0.03294 | AE21: 0.064545 | AF21: 0.192616 | AG21: 0.107355 | AH21: 0 | AI21: 0 | AJ21: 0.059138 | AK21: 0.058792 | AL21: 0.037016 | AM21: 0.016693 | AN21: 0.018813 | AO21: 0.005342 | AP21: 0.056408 | AQ21: 0.0216 | AR21: 0.003561 | AS21: 0.085816 | AT21: 0.05265 | AU21: 0.05 | AV21: 0.116592 | AW21: 0.088764 | AX21: 0.073448 | AY21: 0.059911 | AZ21: 0.066203 | BA21: 0.030266 | BB21: 0.23 | BC21: 0.08 | BD21: 0.064044 | BE21: 0.006677 | BF21: =SUM(OFFSET(BF21,0,-1,):OFFSET(BF21,0,-8)) -> 0.610549
A22: % of Dawn | B22: =IFERROR(B21/B18,"") | C22: =IFERROR(C21/C18,"") -> 0.098534599 | D22: =IFERROR(D21/D18,"") | E22: =IFERROR(E21/E18,"") -> 0.26315789 | F22: =IFERROR(F21/F18,"") -> 1.3875473 | G22: =IFERROR(G21/G18,"") -> 1.1591797 | H22: =IFERROR(H21/H18,"") -> 2.34375 | I22: =IFERROR(I21/I18,"") | ... BF22: =IFERROR(BF21/BF18,"") -> 1.2161822
A23: % of Nation | B23: =IFERROR(B21/B20,"") | C23: =IFERROR(C21/C20,"") | D23: =IFERROR(D21/D20,"") -> 0.5 | E23: =IFERROR(E21/E20,"") -> 0.83333333 | F23: =IFERROR(F21/F20,"") | G23: =IFERROR(G21/G20,"") -> 0.4222029 | H23: =IFERROR(H21/H20,"") -> 0.62482644 | I23: =IFERROR(I21/I20,"") -> 0 | ... BF23: =IFERROR(BF21/BF20,"") -> 3.5606753
A24: % Market share | B24: =IFERROR(B21/(SUM(B18:B21)),"") -> 0 | C24: =IFERROR(C21/(SUM(C18:C21)),"") -> 0.047264773 | D24: =IFERROR(D21/(SUM(D18:D21)),"") -> 0.17647059 | E24: =IFERROR(E21/(SUM(E18:E21)),"") -> 0.11904762 | F24: =IFERROR(F21/(SUM(F18:F21)),"") -> 0.14109575 | G24: =IFERROR(G21/(SUM(G18:G21)),"") -> 0.098548024 | H24: =IFERROR(H21/(SUM(H18:H21)),"") -> 0.11755588 | I24: =IFERROR(I21/(SUM(I18:I21)),"") -> 0 | ... BF24: =IFERROR(BF21/(SUM(BF18:BF21)),"") -> 0.20165905
A28: Grading
A29: Total /Highest
A30: Medium (50% of Total)
A31: Lowest

Sheet Prov-Sind
A1: Karachi - INF
A2: From 01/01/2021 To 05/8/2025
A4: RS in 'million
B5: Jan'21 | C5: Feb'21 | D5: Mar'21 | E5: Apr'21 | F5: May'21 | G5: Jun'21 | H5: Jul'21 | I5: Aug'21 | J5: Sep'21 | K5: Oct'21 | L5: Nov'21 | M5: Dec'21 | N5: Jan'22 | O5: Feb'22 | P5: Mar'22 | Q5: Apr'22 | R5: May'22 | S5: Jun'22 | T5: Jul'22 | U5: Aug'22 | V5: Sep'22 | W5: Oct'22 | X5: Nov'22 | Y5: Dec'22 | Z5: Jan'23 | AA5: Feb'23 | AB5: Mar'23 | AC5: Apr'23 | AD5: May'23 | AE5: Jun'23 | AF5: Jul'23 | AG5: Aug'23 | AH5: Sep'23 | AI5: Oct'23 | AJ5: Nov'23 | AK5: Dec'23 | AL5: Jan'24 | AM5: Feb'24 | AN5: Mar'24 | AO5: Apr'24 | AP5: May'24 | AQ5: Jun'24 | AR5: ='FED-PID(ALL)'!AR5 -> Jul'24 | AS5: ='FED-PID(ALL)'!AS5 -> Aug'24 | AT5: ='FED-PID(ALL)'!AT5 -> Sep'24 | AU5: ='FED-PID(ALL)'!AU5 -> Oct'24 | AV5: ='FED-PID(ALL)'!AV5 -> Nov'24 | AW5: ='FED-PID(ALL)'!AW5 -> Dec'24 | AX5: ='FED-PID(ALL)'!AX5 -> Jan'25 | AY5: ='FED-PID(ALL)'!AY5 -> Feb'25 | ... BD5: ='FED-PID(ALL)'!BD5 -> Jul'25 | BE5: 1-5-Aug'25 | BF5: TOTAL
A6: URDU DAILIES
A7: Jang | B7: 18.762844 | C7: 4.771663 | D7: 8.578124 | E7: 13.04284 | F7: 12.3 | G7: 15.12836 | H7: 9.099564 | I7: 5.614967 | J7: 40.551121 | K7: 6.322354 | L7: 8.125802 | M7: 7.35021 | N7: 6.265555 | O7: 6.164679 | P7: 8.734394 | Q7: 8.601151 | R7: 7.110764 | S7: 5.74639 | T7: 7.017759 | U7: 5.974578 | V7: 7.280644 | W7: 5.765745 | X7: 7.5846 | Y7: 8.085078 | Z7: 8.418207 | AA7: 9.855187 | AB7: 10.185749 | AC7: 8.431767 | AD7: 14.029964 | AE7: 9.659833 | AF7: 13.539316 | AG7: 31.810358 | AH7: 3.97 | AI7: 3.939041 | AJ7: 5.329669 | AK7: 5.234694 | AL7: 5.057061 | AM7: 7.149594 | AN7: 7.47 | AO7: 8.277232 | AP7: 12.45313 | AQ7: 8.21 | AR7: 6.693647 | AS7: 8.257737 | AT7: 7.884848 | AU7: 9.47 | AV7: 44.177423 | AW7: 7.476104 | AX7: 8.3056 | AY7: 7.91038 | AZ7: 5.294169 | BA7: 6.9 | BB7: 7.83 | BC7: 5.47 | BD7: 8.49 | BE7: 0.745601 | BF7: =SUM(OFFSET(BF7,0,-1,):OFFSET(BF7,0,-8)) -> 50.94575
A8: Express | B8: 5.268476 | C8: 1.760877 | D8: 2.256633 | E8: 7.327714 | F8: 5.5 | G8: 3.808198 | H8: 4.514352 | I8: 1.880716 | J8: 30.499574 | K8: 1.790331 | L8: 1.586124 | M8: 3.302145 | N8: 2.82892 | O8: 3.188293 | P8: 4.910875 | Q8: 4.607541 | R8: 2.837908 | S8: 3.868222 | T8: 2.140681 | U8: 3.871054 | V8: 4.389886 | W8: 4.118146 | X8: 4.44071 | Y8: 3.231365 | Z8: 2.776323 | AA8: 5.032466 | AB8: 5.177346 | AC8: 6.642689 | AD8: 5.333939 | AE8: 4.834951 | AF8: 11.980541 | AG8: 55.156942 | AH8: 1.93 | AI8: 1.738439 | AJ8: 2.816217 | AK8: 2.512338 | AL8: 1.796153 | AM8: 2.350526 | AN8: 4.04 | AO8: 2.419721 | AP8: 8.44902 | AQ8: 6.31 | AR8: 5.955256 | AS8: 7.067051 | AT8: 5.324214 | AU8: 6.62 | AV8: 67.992263 | AW8: 4.76127 | AX8: 6.40418 | AY8: 3.088416 | AZ8: 4.488531 | BA8: 5 | BB8: 6.83 | BC8: 3.7 | BD8: 4.66 | BE8: 0.31869 | BF8: =SUM(OFFSET(BF8,0,-1,):OFFSET(BF8,0,-8)) -> 34.489817
A9: % of Jang | B9: =IFERROR(B8/B7,"") -> 0.28079304 | C9: =IFERROR(C8/C7,"") -> 0.36902795 | D9: =IFERROR(D8/D7,"") -> 0.26306836 | E9: =IFERROR(E8/E7,"") -> 0.5618189 | F9: =IFERROR(F8/F7,"") -> 0.44715447 | G9: =IFERROR(G8/G7,"") -> 0.25172577 | H9: =IFERROR(H8/H7,"") -> 0.49610641 | I9: =IFERROR(I8/I7,"") -> 0.33494694 | ... BE9: =IFERROR(BE8/BE7,"") -> 0.427427 | BF9: =SUM(OFFSET(BF9,0,-1,):OFFSET(BF9,0,-8)) -> 5.2589675
A10: % Market share | B10: =IFERROR(B8/(SUM(B7:B8)),"") -> 0.21923373 | C10: =IFERROR(C8/(SUM(C7:C8)),"") -> 0.26955472 | D10: =IFERROR(D8/(SUM(D7:D8)),"") -> 0.20827721 | E10: =IFERROR(E8/(SUM(E7:E8)),"") -> 0.3597209 | F10: =IFERROR(F8/(SUM(F7:F8)),"") -> 0.30898876 | G10: =IFERROR(G8/(SUM(G7:G8)),"") -> 0.20110297 | H10: =IFERROR(H8/(SUM(H7:H8)),"") -> 0.33159834 | I10: =IFERROR(I8/(SUM(I7:I8)),"") -> 0.25090656 | ... BE10: =IFERROR(BE8/(SUM(BE7:BE8)),"") -> 0.29943878 | BF10: =IFERROR(BF8/(SUM(BF7:BF8)),0) -> 0.4036939
A13: ENGLISH DAILIES
A14: Dawn | B14: 7.055158 | C14: 4.477295 | D14: 7.850011 | E14: 12.411588 | F14: 11.3 | G14: 12.524566 | H14: 7.620265 | I14: 5.121925 | J14: 29.852055 | K14: 4.557513 | L14: 4.765406 | M14: 6.727134 | N14: 4.730733 | O14: 5.625847 | P14: 8.195822 | Q14: 7.158729 | R14: 4.721183 | S14: 4.484135 | T14: 4.414875 | U14: 3.722023 | V14: 5.740633 | W14: 4.844007 | X14: 5.54106 | Y14: 6.68843 | Z14: 6.524466 | AA14: 7.719171 | AB14: 8.228059 | AC14: 5.398419 | AD14: 7.834953 | AE14: 5.293079 | AF14: 8.194019 | AG14: 13.867435 | AH14: 2.5 | AI14: 3.112411 | AJ14: 3.242344 | AK14: 3.831673 | AL14: 3.708589 | AM14: 5.690981 | AN14: 5.23 | AO14: 5.48016 | AP14: 8.134474 | AQ14: 3.49 | AR14: 4.959848 | AS14: 4.052751 | AT14: 3.24589 | AU14: 1.71 | AV14: 2.321757 | AW14: 0.46438 | AX14: 2.378275 | AY14: 0.734174 | AZ14: 2.486423 | BA14: 1.7 | BB14: 2.14 | BC14: 1.57 | BD14: 2.74 | BE14: 0.220711 | BF14: =SUM(OFFSET(BF14,0,-1,):OFFSET(BF14,0,-8)) -> 13.969583
A15: The News | B15: 1.025498 | C15: 0.171753 | D15: 0.827335 | E15: 0.084442 | F15: 1 | G15: 0.301998 | H15: 0.966585 | I15: 0.648367 | J15: 0.293889 | K15: 0.487583 | L15: 0.738718 | M15: 1.278907 | N15: 0.686057 | O15: 0.897166 | P15: 1.972996 | Q15: 0.681285 | R15: 0.271943 | S15: 0.655543 | T15: 0.816867 | U15: 0.595948 | V15: 1.661629 | W15: 0.648703 | X15: 1.32368 | Y15: 1.197382 | Z15: 0.503525 | AA15: 1.649542 | AB15: 1.082758 | AC15: 1.317693 | AD15: 1.196757 | AE15: 0.915877 | AF15: 1.653684 | AG15: 13.622535 | AH15: 0.077525 | AI15: 0.144316 | AJ15: 0.246412 | AK15: 0.553178 | AL15: 0.496403 | AM15: 0.374986 | AN15: 0.15 | AO15: 0.788853 | AP15: 2.056456 | AQ15: 2.35 | AR15: 1.60611 | AS15: 1.867247 | AT15: 0.967754 | AU15: 1.53 | AV15: 17.535085 | AW15: 0.943905 | AX15: 0.527176 | AY15: 0.627781 | AZ15: 0.182917 | BA15: 0.73 | BB15: 0.71 | BC15: 0.45 | BD15: 1.06 | BE15: 0.095416 | BF15: =SUM(OFFSET(BF15,0,-1,):OFFSET(BF15,0,-8)) -> 4.38329
A16: Express Tribune | B16: 2.63992 | C16: 0.714629 | D16: 0.957148 | E16: 0.437707 | F16: 2.3 | G16: 1.969874 | H16: 1.604106 | I16: 0.682696 | J16: 0.280238 | K16: 0.407621 | L16: 0.860496 | M16: 1.128753 | N16: 0.892462 | O16: 1.166843 | P16: 2.423422 | Q16: 2.7589 | R16: 1.430438 | S16: 2.29251 | T16: 1.060251 | U16: 1.628841 | V16: 2.557529 | W16: 2.164517 | X16: 2.721764 | Y16: 1.497178 | Z16: 1.499248 | AA16: 2.648316 | AB16: 2.878242 | AC16: 2.405251 | AD16: 3.77319 | AE16: 3.917404 | AF16: 5.931125 | AG16: 11.264973 | AH16: 1.09 | AI16: 0.812092 | AJ16: 1.352437 | AK16: 0.830651 | AL16: 1.427543 | AM16: 1.671877 | AN16: 1.57 | AO16: 1.517552 | AP16: 6.400864 | AQ16: 4.66 | AR16: 3.248852 | AS16: 3.505974 | AT16: 3.006665 | AU16: 4.18 | AV16: 15.847865 | AW16: 2.660156 | AX16: 1.682338 | AY16: 2.105445 | AZ16: 1.137468 | BA16: 1.9 | BB16: 2.54 | BC16: 1.54 | BD16: 1.35 | BE16: 0.25496 | BF16: =SUM(OFFSET(BF16,0,-1,):OFFSET(BF16,0,-8)) -> 12.510211
A17: % of Dawn | B17: =IFERROR(B16/B14,"") -> 0.37418297 | C17: =IFERROR(C16/C14,"") -> 0.15961177 | D17: =IFERROR(D16/D14,"") -> 0.12192951 | E17: =IFERROR(E16/E14,"") -> 0.035265995 | F17: =IFERROR(F16/F14,"") -> 0.20353982 | G17: =IFERROR(G16/G14,"") -> 0.15728082 | H17: =IFERROR(H16/H14,"") -> 0.21050528 | I17: =IFERROR(I16/I14,"") -> 0.13328895 | ... BE17: =IFERROR(BE16/BE14,"") -> 1.1551758 | BF17: =BF16/BF14 -> 0.89553217
A18: % of The News | B18: =IFERROR(B16/B15,"") -> 2.574281 | C18: =IFERROR(C16/C15,"") -> 4.1607949 | D18: =IFERROR(D16/D15,"") -> 1.156905 | E18: =IFERROR(E16/E15,"") -> 5.1835224 | F18: =IFERROR(F16/F15,"") -> 2.3 | G18: =IFERROR(G16/G15,"") -> 6.5228048 | H18: =IFERROR(H16/H15,"") -> 1.6595602 | I18: =IFERROR(I16/I15,"") -> 1.0529469 | ... BE18: =IFERROR(BE16/BE15,"") -> 2.6720885 | BF18: =BF16/BF15 -> 2.8540687
A19: % Market share | B19: =IFERROR(B16/(SUM(B14:B16)),"") -> 0.24624796 | C19: =IFERROR(C16/(SUM(C14:C16)),"") -> 0.13323491 | D19: =IFERROR(D16/(SUM(D14:D16)),"") -> 0.099345954 | E19: =IFERROR(E16/(SUM(E14:E16)),"") -> 0.033842268 | F19: =IFERROR(F16/(SUM(F14:F16)),"") -> 0.15753425 | G19: =IFERROR(G16/(SUM(G14:G16)),"") -> 0.13313164 | H19: =IFERROR(H16/(SUM(H14:H16)),"") -> 0.15740486 | I19: =IFERROR(I16/(SUM(I14:I16)),"") -> 0.10579533 | ... BE19: =IFERROR(BE16/(SUM(BE14:BE16)),"") -> 0.44644686 | BF19: =IFERROR(BF16/(SUM(BF14:BF16)),0) -> 0.40534546
A22: SINDH DAILIES
A23: Kawish | B23: 5.213238 | C23: 17.087114 | D23: 7.926937 | E23: 12.856668 | F23: 10.5 | G23: 12.127281 | H23: 10.581 | I23: 6.064327 | J23: 92.333128 | K23: 5.465316 | L23: 6.045893 | M23: 8.935749 | N23: 5.902507 | O23: 4.793673 | P23: 7.306251 | Q23: 10.641162 | R23: 5.576441 | S23: 7.820675 | T23: 6.272488 | U23: 5.636077 | V23: 7.583796 | W23: 7.612526 | X23: 7.902003 | Y23: 9.358052 | Z23: 9.091871 | AA23: 12.542799 | AB23: 10.978892 | AC23: 8.168709 | AD23: 13.146148 | AE23: 11.046097 | AF23: 18.535559 | AG23: 22.546459 | AH23: 5.74 | AI23: 5.062003 | AJ23: 5.344432 | AK23: 6.294713 | AL23: 5.071224 | AM23: 5.372079 | AN23: 7.51 | AO23: 7.342549 | AP23: 17.789659 | AQ23: 12.46 | AR23: 7.830443 | AS23: 10.784812 | AT23: 8.946589 | AU23: 9.98 | AV23: 11.89283 | AW23: 7.587045 | AX23: 12.508651 | AY23: 9.484347 | AZ23: 8.536784 | BA23: 9.46 | BB23: 13.23 | BC23: 9.72 | BD23: 7.057471 | BE23: 1.226208 | BF23: =SUM(OFFSET(BF23,0,-1,):OFFSET(BF23,0,-8)) -> 71.223461
A24: Ibrat | B24: 2.483682 | C24: 1.182607 | D24: 2.465141 | E24: 8.200993 | F24: 2.2 | G24: 3.68535 | H24: 2.793759 | I24: 0.248266 | J24: 0.713374 | K24: 0.488806 | L24: 1.429845 | M24: 2.313196 | N24: 1.585397 | O24: 1.822326 | P24: 1.294378 | Q24: 0.829267 | R24: 1.045598 | S24: 0.952367 | T24: 1.152221 | U24: 1.53698 | V24: 3.379402 | W24: 1.953671 | X24: 1.294379 | Y24: 2.575883 | Z24: 2.036084 | AA24: 3.654965 | AB24: 2.00518 | AC24: 1.175913 | AD24: 3.198093 | AE24: 3.1744 | AF24: 5.324827 | AG24: 4.210724 | AH24: 0.49 | AI24: 0.73707 | AJ24: 1.608317 | AK24: 1.461263 | AL24: 1.422117 | AM24: 2.26478 | AN24: 1.53 | AO24: 1.669356 | AP24: 4.837577 | AQ24: 3.927953 | AR24: 3.346436 | AS24: 2.311135 | AT24: 2.415695 | AU24: 2.4 | AV24: 2.832908 | AW24: 1.624028 | AX24: 0.977609 | AY24: 0.982759 | AZ24: 0.959067 | BA24: 1.861476 | BB24: 1.8 | BC24: 0.95 | BD24: 1.824379 | BE24: 0.355398 | BF24: =SUM(OFFSET(BF24,0,-1,):OFFSET(BF24,0,-8)) -> 9.710688
A25: Awami-Awaz | B25: 3.08574 | C25: 2.434775 | D25: 4.291807 | E25: 9.655883 | F25: 5.3 | G25: 4.465605 | H25: 3.604505 | I25: 2.70812 | J25: 48.114537 | K25: 1.891261 | L25: 1.844913 | M25: 3.775145 | N25: 3.686137 | O25: 2.412133 | P25: 3.392785 | Q25: 3.251111 | R25: 2.741297 | S25: 1.856499 | T25: 1.823911 | U25: 1.408308 | V25: 3.083106 | W25: 1.39988 | X25: 3.967378 | Y25: 4.416621 | Z25: 2.65703 | AA25: 5.626375 | AB25: 5.638488 | AC25: 4.467177 | AD25: 6.230988 | AE25: 3.731434 | AF25: 5.731177 | AG25: 4.562511 | AH25: 0.81 | AI25: 1.749058 | AJ25: 2.874021 | AK25: 1.624239 | AL25: 2.111407 | AM25: 2.506931 | AN25: 4.36 | AO25: 2.761838 | AP25: 6.228352 | AQ25: 4.99 | AR25: 4.013987 | AS25: 4.894312 | AT25: 2.599362 | AU25: 2.79 | AV25: 2.487975 | AW25: 2.8598 | AX25: 1.566832 | AY25: 1.310347 | AZ25: 1.41726 | BA25: 1.85 | BB25: 2.65 | BC25: 1.4 | BD25: 2.176202 | BE25: 0.395003 | BF25: =SUM(OFFSET(BF25,0,-1,):OFFSET(BF25,0,-8)) -> 12.765644
A26: Sobh | BF26: =SUM(OFFSET(BF26,0,-1,):OFFSET(BF26,0,-8)) -> 0
A27: Sindh Express | B27: 0.755744 | C27: 0.177523 | D27: 0.410839 | E27: 0 | F27: 2.1 | G27: 1.009346 | H27: 2.326061 | I27: 0.118687 | J27: 0.553873 | K27: 0.127817 | L27: 0.045649 | M27: 0.071009 | N27: 0.0886057 | O27: 0.22723 | P27: 0.36519 | Q27: 0.469676 | R27: 0.451416 | S27: 0.436709 | T27: 0.065936 | U27: 0.907777 | V27: 0.727844 | W27: 1.056009 | X27: 2.042025 | Y27: 0.686253 | Z27: 0.081154 | AA27: 1.095571 | AB27: 0.794289 | AC27: 0.322585 | AD27: 0.060866 | AE27: 1.69205 | AF27: 2.382873 | AG27: 14.118699 | AH27: 0.02 | AI27: 0.437214 | AJ27: 0.090283 | AK27: 0.120715 | AL27: 0.969783 | AM27: 1.004272 | AN27: 0 | AO27: 0.953552 | AP27: 2.848491 | AQ27: 3.46 | AR27: 1.134122 | AS27: 2.34483 | AT27: 1.207669 | AU27: 0.398666 | AV27: 18.329565 | AW27: 1.538878 | AX27: 0.639084 | AY27: 0.328676 | AZ27: 0.327655 | BA27: 0.61 | BB27: 0.97 | BC27: 0.63 | BD27: 1.36541 | BE27: 0.493008 | BF27: =SUM(OFFSET(BF27,0,-1,):OFFSET(BF27,0,-8)) -> 5.363833
A28: % of Kawish | B28: =IFERROR(B27/B23,"") -> 0.14496633 | C28: =IFERROR(C27/C23,"") -> 0.010389291 | D28: =IFERROR(D27/D23,"") -> 0.051828216 | E28: =IFERROR(E27/E23,"") -> 0 | F28: =IFERROR(F27/F23,"") -> 0.2 | G28: =IFERROR(G27/G23,"") -> 0.083229374 | H28: =IFERROR(H27/H23,"") -> 0.21983376 | I28: =IFERROR(I27/I23,"") -> 0.019571339 | ... BE28: =IFERROR(BE27/BE23,"") -> 0.40205903 | BF28: =+BF27/BF23 -> 0.075309918
A29: % Market share | B29: =IFERROR(B27/(SUM(B23:B27)),"") -> 0.06549814 | C29: =IFERROR(C27/(SUM(C23:C27)),"") -> 0.0085012374 | D29: =IFERROR(D27/(SUM(D23:D27)),"") -> 0.027217391 | E29: =IFERROR(E27/(SUM(E23:E27)),"") -> 0 | F29: =IFERROR(F27/(SUM(F23:F27)),"") -> 0.10447761 | G29: =IFERROR(G27/(SUM(G23:G27)),"") -> 0.047414779 | H29: =IFERROR(H27/(SUM(H23:H27)),"") -> 0.12048805 | I29: =IFERROR(I27/(SUM(I23:I27)),"") -> 0.012986301 | ... BE29: =IFERROR(BE27/(SUM(BE23:BE27)),"") -> 0.19962934 | BF29: =IFERROR(BF27/(SUM(BF23:BF27)),0) -> 0.054145333
A33: Grading
A34: Total /Highest
A35: Medium (50% of Total)
A36: Lowest

Sheet Prov-Punjab
A1: Lahore - DGPR
A2: From 01/01/2021 To 05/8/2025
A4: RS in 'million
B5: Jan'21 | C5: Feb'21 | D5: Mar'21 | E5: Apr'21 | F5: May'21 | G5: Jun'21 | H5: Jul'21 | I5: Aug'21 | J5: Sep'21 | K5: Oct'21 | L5: Nov'21 | M5: Dec'21 | N5: Jan'22 | O5: Feb'22 | P5: Mar'22 | Q5: Apr'22 | R5: May'22 | S5: Jun'22 | T5: Jul'22 | U5: Aug'22 | V5: Sep'22 | W5: Oct'22 | X5: Nov'22 | Y5: Dec'22 | Z5: Jan'23 | AA5: Feb'23 | AB5: Mar'23 | AC5: Apr'23 | AD5: May'23 | AE5: Jun'23 | AF5: Jul'23 | AG5: Aug'23 | AH5: Sep'23 | AI5: Oct'23 | AJ5: Nov'23 | AK5: Dec'23 | AL5: Jan'24 | AM5: Feb'24 | AN5: Mar'24 | AO5: Apr'24 | AP5: May'24 | AQ5: Jun'24 | AR5: ='FED-PID(ALL)'!AR5 -> Jul'24 | AS5: ='FED-PID(ALL)'!AS5 -> Aug'24 | AT5: ='FED-PID(ALL)'!AT5 -> Sep'24 | AU5: ='FED-PID(ALL)'!AU5 -> Oct'24 | AV5: ='FED-PID(ALL)'!AV5 -> Nov'24 | AW5: ='FED-PID(ALL)'!AW5 -> Dec'24 | AX5: ='FED-PID(ALL)'!AX5 -> Jan'25 | AY5: ='FED-PID(ALL)'!AY5 -> Feb'25 | ... BD5: ='FED-PID(ALL)'!BD5 -> Jul'25 | BE5: 1-5-Aug'25 | BF5: TOTAL
A7: URDU DAILIES
A8: Jang | B8: 8.680932 | C8: 10.099405 | D8: 12.6 | E8: 11.927845 | F8: 12.737617 | G8: 12.261371 | H8: 10.678947 | I8: 13.721936 | J8: 24.718423 | K8: 13.714059 | L8: 11.126412 | M8: 12.423296 | N8: 13.711057 | O8: 14.138874 | P8: 3.03997 | Q8: 7.251621 | R8: 12.316163 | S8: 8.535118 | T8: 9.290653 | U8: 6.259771 | V8: 12.533404 | W8: 15.447616 | X8: 15.163605 | Y8: 0 | Z8: 3.071207 | AA8: 7.873262 | AB8: 9.820918 | AC8: 8.947682 | AD8: 19.273832 | AE8: 15.523606 | AF8: 15.934099 | AG8: 17.480206 | AH8: 17.03 | AI8: 20.428344 | AJ8: 20.999619 | AK8: 20.346013 | AL8: 16.3333 | AM8: 17.943489 | AN8: 14.76 | AO8: 13.873916 | AP8: 14.923865 | AQ8: 19.19 | AR8: 16.473368 | AS8: 20.591032 | AT8: 21.124139 | AU8: 22.56 | AV8: 18.465102 | AW8: 17.182862 | AX8: 23.420469 | AY8: 52.038441 | AZ8: 22.402731 | BA8: 20.49 | BB8: 23.48 | BC8: 16.06 | BD8: 15.39 | BE8: 1.496452 | BF8: =SUM(OFFSET(BF8,0,-1,):OFFSET(BF8,0,-8)) -> 174.77809
A9: Nawa-i-Waqt | B9: 9.160932 | C9: 8.850263 | D9: 10.3 | E9: 12.256076 | F9: 11.215526 | G9: 11.266734 | H9: 9.548302 | I9: 15.571358 | J9: 10.977473 | K9: 12.3034 | L9: 10.849415 | M9: 18.166148 | N9: 11.830855 | O9: 11.621377 | P9: 18.301523 | Q9: 11.21284 | R9: 10.672825 | S9: 7.694009 | T9: 7.16085 | U9: 6.228063 | V9: 10.911197 | W9: 18.34043 | X9: 24.251573 | Y9: 25.560905 | Z9: 13.755284 | AA9: 4.997187 | AB9: 6.188034 | AC9: 4.25458 | AD9: 8.819519 | AE9: 6.534832 | AF9: 6.13964 | AG9: 7.485673 | AH9: 6.73 | AI9: 8.436446 | AJ9: 9.432878 | AK9: 8.64582 | AL9: 7.595894 | AM9: 5.352366 | AN9: 6.66 | AO9: 6.540618 | AP9: 8.136462 | AQ9: 9.14 | AR9: 6.139517 | AS9: 10.775892 | AT9: 7.802602 | AU9: 9.38 | AV9: 11.87879 | AW9: 10.976663 | AX9: 14.792872 | AY9: 37.806887 | AZ9: 12.244873 | BA9: 11.57 | BB9: 14.41 | BC9: 11.56 | BD9: 8.76 | BE9: 0.850377 | BF9: =SUM(OFFSET(BF9,0,-1,):OFFSET(BF9,0,-8)) -> 111.99501
A10: Dunya | AL10: 7.042505 | AM10: 6.072409 | AN10: 6.802072 | AO10: 5.898138 | AP10: 6.61819 | AQ10: 9.248342 | AR10: 7.550999 | AS10: 13.803638 | AT10: 14.134372 | AU10: 13.87 | AV10: 13.203502 | AW10: 12.918196 | AX10: 19.063965 | AY10: 45.722264 | AZ10: 16.559521 | BA10: 12.78 | BB10: 20.17 | BC10: 16.02 | BD10: 13.51 | BE10: 1.351082 | BF10: =SUM(OFFSET(BF10,0,-1,):OFFSET(BF10,0,-8)) -> 145.17683
A11: Express | B11: 8.494522 | C11: 8.50643 | D11: 8.9 | E11: 9.883154 | F11: 9.439793 | G11: 9.751242 | H11: 8.20656 | I11: 10.171288 | J11: 9.359218 | K11: 10.519211 | L11: 8.909451 | M11: 12.353548 | N11: 9.9128832 | O11: 9.704747 | P11: 15.12711 | Q11: 10.231044 | R11: 8.390404 | S11: 5.15471 | T11: 6.504536 | U11: 6.930667 | V11: 8.101968 | W11: 14.8249 | X11: 21.191919 | Y11: 17.914998 | Z11: 11.683638 | AA11: 4.39519 | AB11: 6.522839 | AC11: 5.198981 | AD11: 10.511523 | AE11: 8.875384 | AF11: 8.071538 | AG11: 10.566217 | AH11: 8.52 | AI11: 9.459568 | AJ11: 12.031175 | AK11: 9.952144 | AL11: 10.727877 | AM11: 8.467472 | AN11: 10.93 | AO11: 8.543605 | AP11: 9.707791 | AQ11: 9.99 | AR11: 7.807864 | AS11: 16.400151 | AT11: 11.621216 | AU11: 17.32 | AV11: 14.075214 | AW11: 13.444508 | AX11: 22.127803 | AY11: 55.345451 | AZ11: 17.126764 | BA11: 14.29 | BB11: 19.51 | BC11: 16.8 | BD11: 13.62 | BE11: 0.960979 | BF11: =SUM(OFFSET(BF11,0,-1,):OFFSET(BF11,0,-8)) -> 159.781
A12: % of Jang | B12: =IFERROR(B11/B8,"") -> 0.9785265 | C12: =IFERROR(C11/C8,"") -> 0.84227041 | D12: =IFERROR(D11/D8,"") -> 0.70634921 | E12: =IFERROR(E11/E8,"") -> 0.82857834 | F12: =IFERROR(F11/F8,"") -> 0.74109569 | G12: =IFERROR(G11/G8,"") -> 0.79528154 | H12: =IFERROR(H11/H8,"") -> 0.76848026 | I12: =IFERROR(I11/I8,"") -> 0.74124293 | ... BE12: =IFERROR(BE11/BE8,"") -> 0.64217162 | BF12: =BF11/BF8 -> 0.9141935
A13: % of Nawa-e-waqt | B13: =IFERROR(B11/B9,"") -> 0.92725522 | C13: =IFERROR(C11/C9,"") -> 0.96114997 | D13: =IFERROR(D11/D9,"") -> 0.86407767 | E13: =IFERROR(E11/E9,"") -> 0.80638811 | F13: =IFERROR(F11/F9,"") -> 0.84167189 | G13: =IFERROR(G11/G9,"") -> 0.86548968 | H13: =IFERROR(H11/H9,"") -> 0.85947847 | I13: =IFERROR(I11/I9,"") -> 0.65320494 | ... BE13: =IFERROR(BE11/BE9,"") -> 1.1300623 | BF13: =BF11/BF9 -> 1.4266796
A14: % Market share | B14: =IFERROR(B11/(SUM(B8:B11)),"") -> 0.32253939 | C14: =IFERROR(C11/(SUM(C8:C11)),"") -> 0.30981933 | D14: =IFERROR(D11/(SUM(D8:D11)),"") -> 0.27987421 | E14: =IFERROR(E11/(SUM(E8:E11)),"") -> 0.29010868 | F14: =IFERROR(F11/(SUM(F8:F11)),"") -> 0.28268832 | G14: =IFERROR(G11/(SUM(G8:G11)),"") -> 0.29301182 | H14: =IFERROR(H11/(SUM(H8:H11)),"") -> 0.28861979 | I14: =IFERROR(I11/(SUM(I8:I11)),"") -> 0.25773206 | ... BF14: =IFERROR(BF11/(SUM(BF8:BF11)),"") -> 0.27002306
A17: ENGLISH DAILIES
A18: Dawn | B18: 2.399615 | C18: 1.750764 | D18: 3.3 | E18: 1.634305 | F18: 0.68498 | G18: 3.47519 | H18: 3.804277 | I18: 8.390262 | J18: 4.664633 | K18: 1.156261 | L18: 3.579347 | M18: 6.461152 | N18: 4.278125 | O18: 5.197645 | P18: 7.179974 | Q18: 2.927577 | R18: 4.40693 | S18: 2.566652 | T18: 1.699417 | U18: 3.405117 | V18: 3.665101 | W18: 3.748421 | X18: 7.891147 | Y18: 9.047687 | Z18: 3.928971 | AA18: 2.737903 | AB18: 3.45879 | AC18: 2.378543 | AD18: 6.821604 | AE18: 4.00527 | AF18: 4.367319 | AG18: 5.517222 | AH18: 5.3 | AI18: 5.352454 | AJ18: 4.444633 | AK18: 4.695072 | AL18: 2.826329 | AM18: 2.475617 | AN18: 4.26 | AO18: 4.208968 | AP18: 5.546128 | AQ18: 6.85 | AR18: 5.967143 | AS18: 6.678551 | AT18: 6.046888 | AU18: 2.055802 | AV18: 0.00708 | AW18: 0 | AX18: 0 | AY18: 0 | AZ18: 0 | BA18: 0 | BB18: 4.39 | BC18: 6.54 | BD18: 3.31 | BE18: 0.166454 | BF18: =SUM(OFFSET(BF18,0,-1,):OFFSET(BF18,0,-8)) -> 14.406454
A19: The News | B19: 3.590776 | C19: 1.811224 | D19: 3.8 | E19: 3.333208 | F19: 3.598323 | G19: 4.247747 | H19: 3.923446 | I19: 4.069757 | J19: 3.563385 | K19: 3.657615 | L19: 4.00186 | M19: 4.749202 | N19: 5.619611 | O19: 5.340974 | P19: 1.172994 | Q19: 2.047656 | R19: 5.12896 | S19: 2.956286 | T19: 3.419777 | U19: 2.114051 | V19: 4.658026 | W19: 3.911769 | X19: 4.098437 | Y19: 0 | Z19: 0.826258 | AA19: 2.296481 | AB19: 3.767708 | AC19: 2.964656 | AD19: 7.232378 | AE19: 2.794772 | AF19: 4.808087 | AG19: 5.221123 | AH19: 4.22 | AI19: 4.586162 | AJ19: 5.377455 | AK19: 5.845401 | AL19: 5.120893 | AM19: 5.12378 | AN19: 4.63 | AO19: 4.137843 | AP19: 5.44871 | AQ19: 7.1 | AR19: 5.795232 | AS19: 7.758686 | AT19: 4.510045 | AU19: 7.65 | AV19: 7.227056 | AW19: 6.326435 | AX19: 10.386576 | AY19: 24.7 | AZ19: 9.457507 | BA19: 7.15 | BB19: 7.54 | BC19: 5.95 | BD19: 6.82 | BE19: 0.550393 | BF19: =SUM(OFFSET(BF19,0,-1,):OFFSET(BF19,0,-8)) -> 72.554476
A20: The Nation | B20: 2.595598 | C20: 1.569513 | D20: 2.3 | E20: 2.78977 | F20: 2.433327 | G20: 2.772301 | H20: 3.221253 | I20: 3.48835 | J20: 2.708829 | K20: 3.355323 | L20: 3.455598 | M20: 5.281891 | N20: 3.044231 | O20: 2.406982 | P20: 5.291235 | Q20: 3.065134 | R20: 2.541852 | S20: 1.69693 | T20: 1.54827 | U20: 1.476919 | V20: 2.793512 | W20: 4.365055 | X20: 5.931118 | Y20: 6.493273 | Z20: 3.347871 | AA20: 1.102025 | AB20: 1.36535 | AC20: 1.010242 | AD20: 1.391104 | AE20: 1.098932 | AF20: 1.064733 | AG20: 1.759392 | AH20: 1.7 | AI20: 1.685145 | AJ20: 1.762235 | AK20: 1.724382 | AL20: 1.698443 | AM20: 1.153263 | AN20: 1.53 | AO20: 1.54485 | AP20: 2.339703 | AQ20: 3.51 | AR20: 1.878275 | AS20: 3.941023 | AT20: 1.84005 | AU20: 3.92 | AV20: 3.85305 | AW20: 3.700488 | AX20: 5.407027 | AY20: 4.484871 | AZ20: 4.272918 | BA20: 3.13 | BB20: 3.92 | BC20: 3.26 | BD20: 2.75 | BE20: 0.178876 | BF20: =SUM(OFFSET(BF20,0,-1,):OFFSET(BF20,0,-8)) -> 27.403692
A21: Express Tribune | B21: 2.391208 | C21: 1.772518 | D21: 2.6 | E21: 3.067464 | F21: 3.08005 | G21: 2.577047 | H21: 2.937983 | I21: 3.730167 | J21: 2.056438 | K21: 2.985546 | L21: 3.021923 | M21: 5.269379 | N21: 4.16328 | O21: 4.475546 | P21: 6.56172 | Q21: 2.389974 | R21: 3.790855 | S21: 1.844669 | T21: 2.239489 | U21: 1.725607 | V21: 2.070928 | W21: 2.869004 | X21: 5.500512 | Y21: 6.738468 | Z21: 3.114762 | AA21: 1.741905 | AB21: 1.788488 | AC21: 1.562249 | AD21: 4.504327 | AE21: 1.995373 | AF21: 1.812341 | AG21: 0.795706 | AH21: 1.97 | AI21: 2.492735 | AJ21: 3.371639 | AK21: 3.627293 | AL21: 2.93137 | AM21: 2.178531 | AN21: 2.81 | AO21: 2.445877 | AP21: 3.184735 | AQ21: 3.75 | AR21: 2.884484 | AS21: 4.857802 | AT21: 4.546969 | AU21: 5.64 | AV21: 6.665973 | AW21: 4.914291 | AX21: 7.205997 | AY21: 19.01 | AZ21: 6.480816 | BA21: 5.4 | BB21: 6.94 | BC21: 6.11 | BD21: 4.4 | BE21: 0.493044 | BF21: =SUM(OFFSET(BF21,0,-1,):OFFSET(BF21,0,-8)) -> 56.039857
A22: % of Dawn | B22: =IFERROR(B21/B18,"") -> 0.99649652 | C22: =IFERROR(C21/C18,"") -> 1.0124254 | D22: =IFERROR(D21/D18,"") -> 0.78787879 | E22: =IFERROR(E21/E18,"") -> 1.8769226 | F22: =IFERROR(F21/F18,"") -> 4.4965546 | G22: =IFERROR(G21/G18,"") -> 0.74155571 | H22: =IFERROR(H21/H18,"") -> 0.77228419 | I22: =IFERROR(I21/I18,"") -> 0.4445829 | ... BE22: =IFERROR(BE21/BE18,"") -> 2.9620436 | BF22: =+BF21/BF18 -> 3.8899133
A23: % of News | B23: =IFERROR(B21/B19,"") -> 0.66593071 | C23: =IFERROR(C21/C19,"") -> 0.97862992 | D23: =IFERROR(D21/D19,"") -> 0.68421053 | E23: =IFERROR(E21/E19,"") -> 0.9202738 | F23: =IFERROR(F21/F19,"") -> 0.85596818 | G23: =IFERROR(G21/G19,"") -> 0.60668561 | H23: =IFERROR(H21/H19,"") -> 0.74882718 | I23: =IFERROR(I21/I19,"") -> 0.91655767 | ... BE23: =IFERROR(BE21/BE19,"") -> 0.89580354 | BF23: =+BF21/BF19 -> 0.77238318
A24: % Market share | B24: =IFERROR(B21/(SUM(B18:B21)),"") -> 0.21783412 | C24: =IFERROR(C21/(SUM(C18:C21)),"") -> 0.25673713 | D24: =IFERROR(D21/(SUM(D18:D21)),"") -> 0.21666667 | E24: =IFERROR(E21/(SUM(E18:E21)),"") -> 0.28337512 | F24: =IFERROR(F21/(SUM(F18:F21)),"") -> 0.31439733 | G24: =IFERROR(G21/(SUM(G18:G21)),"") -> 0.19713822 | H24: =IFERROR(H21/(SUM(H18:H21)),"") -> 0.21156417 | I24: =IFERROR(I21/(SUM(I18:I21)),"") -> 0.18955511 | ... BF24: =IFERROR(BF21/(SUM(BF18:BF21)),"") -> 0.32886376
A28: Grading
A29: Total /Highest
A30: Medium (50% of Total)
A31: Lowest

Sheet Prov-KPK
A1: Peshawar - INF
A2: From 01/01/2021 To 05/8/2025
A4: RS in 'million
B5: Jan'21 | C5: Feb'21 | D5: Mar'21 | E5: Apr'21 | F5: May'21 | G5: Jun'21 | H5: Jul'21 | I5: Aug'21 | J5: Sep'21 | K5: Oct'21 | L5: Nov'21 | M5: Dec'21 | N5: Jan'22 | O5: Feb'22 | P5: Mar'22 | Q5: Apr'22 | R5: May'22 | S5: Jun'22 | T5: Jul'22 | U5: Aug'22 | V5: Sep'22 | W5: Oct'22 | X5: Nov'22 | Y5: Dec'22 | Z5: Jan'23 | AA5: Feb'23 | AB5: Mar'23 | AC5: Apr'23 | AD5: May'23 | AE5: Jun'23 | AF5: Jul'23 | AG5: Aug'23 | AH5: Sep'23 | AI5: Oct'23 | AJ5: Nov'23 | AK5: Dec'23 | AL5: Jan'24 | AM5: Feb'24 | AN5: Mar'24 | AO5: Apr'24 | AP5: May'24 | AQ5: Jun'24 | AR5: ='FED-PID(ALL)'!AR5 -> Jul'24 | AS5: ='FED-PID(ALL)'!AS5 -> Aug'24 | AT5: ='FED-PID(ALL)'!AT5 -> Sep'24 | AU5: ='FED-PID(ALL)'!AU5 -> Oct'24 | AV5: ='FED-PID(ALL)'!AV5 -> Nov'24 | AW5: ='FED-PID(ALL)'!AW5 -> Dec'24 | AX5: ='FED-PID(ALL)'!AX5 -> Jan'25 | AY5: ='FED-PID(ALL)'!AY5 -> Feb'25 | ... BD5: ='FED-PID(ALL)'!BD5 -> Jul'25 | BE5: 1-5-Aug'25 | BF5: TOTAL
A6: URDU DAILIES
A7: Aaj | B7: 10.202027 | C7: 5.658679 | D7: 5.9 | E7: 6.57702 | F7: 7.189074 | G7: 11.792555 | H7: 5.1284 | I7: 4.098876 | J7: 6.519565 | K7: 8.349043 | L7: 8.956268 | M7: 12.18972 | N7: 9.012421 | O7: 11.608154 | P7: 9.456076 | Q7: 7.682466 | R7: 4.174785 | S7: 9.235319 | T7: 4.399827 | U7: 4.912459 | V7: 6.784424 | W7: 4.933304 | X7: 4.310567 | Y7: 5.0757024 | Z7: 4.690084 | AA7: 1.878392 | AB7: 1.514374 | AC7: 2.540153 | AD7: 0.462381 | AE7: 3.385271 | AF7: 4.114391 | AG7: 4.186546 | AH7: 2.26 | AI7: 3.100368 | AJ7: 2.781235 | AK7: 1.972464 | AL7: 1.647999 | AM7: 2.479214 | AN7: 3.99 | AO7: 2.568214 | AP7: 3.417873 | AQ7: 3.69 | AR7: 2.809567 | AS7: 3.131888 | AT7: 2.94854 | AU7: 1.67 | AV7: 0.729123 | AW7: 0.521714 | AX7: 2.064942 | AY7: 5.203785 | AZ7: 3.010546 | BA7: 3.413594 | BB7: 6.13 | BC7: 5.25 | BD7: 4.56 | BE7: 0.79603 | BF7: =SUM(OFFSET(BF7,0,-1,):OFFSET(BF7,0,-8)) -> 30.428897
A8: Mashriq | B8: 10.277956 | C8: 5.845995 | D8: 6.8 | E8: 6.95324 | F8: 8.095749 | G8: 13.566324 | H8: 8.687612 | I8: 7.570068 | J8: 7.726861 | K8: 7.053607 | L8: 8.905171 | M8: 10.601035 | N8: 9.731408 | O8: 8.573168 | P8: 7.29123 | Q8: 7.405156 | R8: 10.015678 | S8: 10.727432 | T8: 6.262104 | U8: 7.391048 | V8: 7.664465 | W8: 5.781985 | X8: 4.30747 | Y8: 5.3167879 | Z8: 5.785242 | AA8: 1.573804 | AB8: 1.12732 | AC8: 1.747941 | AD8: 0.549554 | AE8: 3.550141 | AF8: 3.205652 | AG8: 3.055374 | AH8: 2.02 | AI8: 2.758079 | AJ8: 2.244873 | AK8: 1.696948 | AL8: 1.289526 | AM8: 1.486998 | AN8: 2.31 | AO8: 1.808158 | AP8: 2.856274 | AQ8: 3.56 | AR8: 3.060252 | AS8: 2.684844 | AT8: 4.239105 | AU8: 1.89 | AV8: 3.058083 | AW8: 6.427016 | AX8: 4.39101 | AY8: 6.478547 | AZ8: 4.340285 | BA8: 3.283768 | BB8: 6.96 | BC8: 3.91 | BD8: 3.67 | BE8: 0.99603 | BF8: =SUM(OFFSET(BF8,0,-1,):OFFSET(BF8,0,-8)) -> 34.02964
A9: Jang | B9: 1.652288 | C9: 1.3883 | D9: 2.494612 | E9: 1.112563 | F9: 0.619451 | G9: 1.455207 | H9: 0.777248 | I9: 0.916171 | J9: 0.740027 | K9: 1.169656 | L9: 0.590866 | M9: 1.572853 | N9: 1.559134 | O9: 1.152865 | P9: 0.362628 | Q9: 0 | R9: 0 | S9: 0 | T9: 0 | U9: 0 | V9: 0.021382 | W9: 0.023521 | X9: 0.034211 | Y9: 0.073909 | Z9: 0.010691 | AA9: 0 | AB9: 0.145401 | AC9: 0.355771 | AD9: 0 | AE9: 0.285008 | AF9: 0.074653 | AG9: 0.08904 | AH9: 0.042381 | AI9: 0.429323 | AJ9: 0.125978 | AK9: 0 | AL9: 0.025662 | AM9: 0 | AN9: 0 | AO9: 0 | AP9: 0 | AQ9: 0.039266 | AR9: 0 | AS9: 0 | AT9: 0 | AU9: 0.021032 | AV9: 0 | AW9: 0.330885 | AX9: 0.19402 | AY9: 0.201602 | AZ9: 0.653217 | BA9: 0.192466 | BB9: 0.281504 | BC9: 0.455306 | BD9: 0.346827 | BE9: 0.01633 | BF9: =SUM(OFFSET(BF9,0,-1,):OFFSET(BF9,0,-8)) -> 2.341272
A10: Express | B10: 3.646406 | C10: 2.125232 | D10: 3.1 | E10: 2.279624 | F10: 2.177743 | G10: 6.051386 | H10: 3.158121 | I10: 1.800848 | J10: 1.721969 | K10: 2.067387 | L10: 1.821111 | M10: 3.089722 | N10: 1.956381 | O10: 2.097755 | P10: 1.526904 | Q10: 1.568958 | R10: 2.553729 | S10: 1.85825 | T10: 1.578789 | U10: 1.27493 | V10: 0.05233 | W10: 0.355595 | X10: 0.882863 | Y10: 1.2438464 | Z10: 1.186348 | AA10: 0.393507 | AB10: 0.425467 | AC10: 0.945597 | AD10: 0.413433 | AE10: 0.535223 | AF10: 0.011935 | AG10: 0.158516 | AH10: 0.46 | AI10: 0.916074 | AJ10: 0.71639 | AK10: 0.803696 | AL10: 0.227064 | AM10: 1.188276 | AN10: 1.92 | AO10: 1.296816 | AP10: 1.725307 | AQ10: 1.44 | AR10: 0.953434 | AS10: 1.746097 | AT10: 1.969424 | AU10: 1.71 | AV10: 2.052632 | AW10: 2.387738 | AX10: 1.721402 | AY10: 2.800136 | AZ10: 1.884149 | BA10: 1.18662 | BB10: 2.31 | BC10: 1.9 | BD10: 1.4 | BE10: 0.448013
A11: % of Aaj | B11: =IFERROR(B10/B7,"") -> 0.35741976 | C11: =IFERROR(C10/C7,"") -> 0.37557034 | D11: =IFERROR(D10/D7,"") -> 0.52542373 | E11: =IFERROR(E10/E7,"") -> 0.34660439 | F11: =IFERROR(F10/F7,"") -> 0.30292399 | G11: =IFERROR(G10/G7,"") -> 0.51315309 | H11: =IFERROR(H10/H7,"") -> 0.61581019 | I11: =IFERROR(I10/I7,"") -> 0.43935167 | ... BE11: =IFERROR(BE10/BE7,"") -> 0.56280919 | BF11: =BF10/BF7 -> 0
A12: % Market share | B12: =IFERROR(B10/(SUM(B7:B10)),"") -> 0.14145047 | C12: =IFERROR(C10/(SUM(C7:C10)),"") -> 0.14151038 | D12: =IFERROR(D10/(SUM(D7:D10)),"") -> 0.1694488 | E12: =IFERROR(E10/(SUM(E7:E10)),"") -> 0.13471007 | F12: =IFERROR(F10/(SUM(F7:F10)),"") -> 0.12043695 | G12: =IFERROR(G10/(SUM(G7:G10)),"") -> 0.18412594 | H12: =IFERROR(H10/(SUM(H7:H10)),"") -> 0.17790847 | I12: =IFERROR(I10/(SUM(I7:I10)),"") -> 0.12518091 | ... BE12: =IFERROR(BE10/(SUM(BE7:BE10)),"") -> 0.19855185 | BF12: =IFERROR(BF10/(SUM(BF7:BF10)),0) -> 0
A15: ENGLISH DAILIES
A16: Dawn | B16: 2.684748 | C16: 1.614602 | D16: 2.6 | E16: 4.353131 | F16: 1.834762 | G16: 0.968918 | H16: 1.153999 | I16: 1.242366 | J16: 1.134448 | K16: 0.725741 | L16: 1.358675 | M16: 1.319083 | N16: 0.890746 | O16: 0.728382 | P16: 0.715572 | Q16: 1.171489 | R16: 1.185641 | S16: 1.097958 | T16: 0.542156 | U16: 1.275865 | V16: 1.489237 | W16: 0.762612 | X16: 0.822978 | Y16: 1.519868 | Z16: 1.726455 | AA16: 0.23915 | AB16: 0.209299 | AC16: 0.52022 | AD16: 0.930982 | AE16: 0.533048 | AF16: 0.379458 | AG16: 0.215473 | AH16: 0.24 | AI16: 0.206433 | AJ16: 0.445686 | AK16: 0.281001 | AL16: 0.189337 | AM16: 0.15431 | AN16: 0.93 | AO16: 0.730726 | AP16: 0.519855 | AQ16: 0.88 | AR16: 0.612631 | AS16: 1.135775 | AT16: 0.738673 | AU16: 0.43 | AV16: 1.083223 | AW16: 0.445724 | AX16: 0.431116 | AY16: 0.444386 | AZ16: 1.502446 | BA16: 0.85 | BB16: 1.48 | BC16: 1.22 | BD16: 0.6 | BE16: 0.03302 | BF16: =SUM(OFFSET(BF16,0,-1,):OFFSET(BF16,0,-8)) -> 6.560968
A17: The News | B17: 4.321682 | C17: 0.865517 | D17: 4.7 | E17: 3.820646 | F17: 4.041662 | G17: 2.435312 | H17: 2.040729 | I17: 1.182422 | J17: 1.540791 | K17: 2.203813 | L17: 1.934841 | M17: 2.249968 | N17: 1.54337 | O17: 1.362921 | P17: 0.713649 | Q17: 0.795852 | R17: 0.005668 | S17: 0.003968 | T17: 0 | U17: 0.02261 | V17: 0.020685 | W17: 0 | X17: 0 | Y17: 0 | Z17: 0.005668 | AA17: 0.022673 | AB17: 0.109116 | AC17: 0.650005 | AD17: 0.73987 | AE17: 0.553957 | AF17: 0.680832 | AG17: 0.710236 | AH17: 0.339488 | AI17: 0.805609 | AJ17: 0.713671 | AK17: 0.808375 | AL17: 0.40138 | AM17: 0.446843 | AN17: 0.46 | AO17: 0.557046 | AP17: 0.689067 | AQ17: 0.7 | AR17: 0.603773 | AS17: 0.924082 | AT17: 1.208568 | AU17: 0.71 | AV17: 1.488001 | AW17: 0.965856 | AX17: 0.914017 | AY17: 1.06577 | AZ17: 2.224226 | BA17: 0.66 | BB17: 1.34 | BC17: 2.12 | BD17: 0.98 | BE17: 0.356201 | BF17: =SUM(OFFSET(BF17,0,-1,):OFFSET(BF17,0,-8)) -> 9.660214
A18: Express Tribune | B18: 0.881455 | C18: 0.44515 | D18: 0.6 | E18: 0.606216 | F18: 0.864233 | G18: 0.712226 | H18: 0.330516 | I18: 0.192747 | J18: 0.379611 | K18: 0.364985 | L18: 0.429816 | M18: 0.431119 | N18: 0.48086 | O18: 0.378266 | P18: 0.332519 | Q18: 0.568445 | R18: 0.7663 | S18: 1.201227 | T18: 0.687915 | U18: 0.843365 | V18: 0.01469 | W18: 0.105539 | X18: 0.496195 | Y18: 0.687963 | Z18: 0.865096 | AA18: 0.130202 | AB18: 0.123527 | AC18: 0.093448 | AD18: 0 | AE18: 0.075896 | AF18: 0.019364 | AG18: 0.012019 | AH18: 0.1 | AI18: 0.309371 | AJ18: 0.147341 | AK18: 0.138216 | AL18: 0.092367 | AM18: 0.173382 | AN18: 0.32 | AO18: 0.419046 | AP18: 0.234782 | AQ18: 0.28 | AR18: 0.249054 | AS18: 0.415779 | AT18: 0.836543 | AU18: 0.19 | AV18: 0.418208 | AW18: 0.280662 | AX18: 0.294183 | AY18: 0.273763 | AZ18: 0.748866 | BA18: 0.42 | BB18: 0.64 | BC18: 0.33 | BD18: 0.42 | BE18: 0.022257 | BF18: =SUM(OFFSET(BF18,0,-1,):OFFSET(BF18,0,-8)) -> 3.149069
A19: % of Dawn | B19: =IFERROR(B18/B16,"") -> 0.32831945 | C19: =IFERROR(C18/C16,"") -> 0.27570262 | D19: =IFERROR(D18/D16,"") -> 0.23076923 | E19: =IFERROR(E18/E16,"") -> 0.13925976 | F19: =IFERROR(F18/F16,"") -> 0.47103276 | G19: =IFERROR(G18/G16,"") -> 0.73507356 | H19: =IFERROR(H18/H16,"") -> 0.28640926 | I19: =IFERROR(I18/I16,"") -> 0.1551451 | ... BE19: =IFERROR(BE18/BE16,"") -> 0.67404603 | BF19: =+BF18/BF16 -> 0.47997018
A20: % of News | B20: =IFERROR(B$18/B17,"") -> 0.2039611 | C20: =IFERROR(C$18/C17,"") -> 0.51431688 | D20: =IFERROR(D$18/D17,"") -> 0.12765957 | E20: =IFERROR(E$18/E17,"") -> 0.15866846 | F20: =IFERROR(F$18/F17,"") -> 0.21383109 | G20: =IFERROR(G$18/G17,"") -> 0.2924578 | H20: =IFERROR(H$18/H17,"") -> 0.16195977 | I20: =IFERROR(I$18/I17,"") -> 0.16301033 | ... BE20: =IFERROR(BE$18/BE17,"") -> 0.062484384 | BF20: =IFERROR(BF17/(SUM(BF16:BF18)),0) -> 0.49871393
A21: % Market share | B21: =IFERROR(B18/(SUM(B16:B18)),"") -> 0.11174795 | C21: =IFERROR(C18/(SUM(C16:C18)),"") -> 0.15217404 | D21: =IFERROR(D18/(SUM(D16:D18)),"") -> 0.075949367 | E21: =IFERROR(E18/(SUM(E16:E18)),"") -> 0.069045158 | F21: =IFERROR(F18/(SUM(F16:F18)),"") -> 0.12821198 | G21: =IFERROR(G18/(SUM(G16:G18)),"") -> 0.17301922 | H21: =IFERROR(H18/(SUM(H16:H18)),"") -> 0.093756914 | I21: =IFERROR(I18/(SUM(I16:I18)),"") -> 0.073636838 | ... BE21: =IFERROR(BE18/(SUM(BE16:BE18)),"") -> 0.054090377 | BF21: =IFERROR(BF18/(SUM(BF16:BF18)),0) -> 0.16257244
A25: Grading
A26: Total /Highest
A27: Medium (50% of Total)
A28: Lowest

Sheet Total
A1: Commercial Volum - Total
A2: From 01/01/2021 To 05/8/2025
A4: Number in Cms
B5: Jan'21 | C5: Feb'21 | D5: Mar'21 | E5: Apr'21 | F5: May'21 | G5: Jun'21 | H5: Jul'21 | I5: Aug'21 | J5: Sep'21 | K5: Oct'21 | L5: Nov'21 | M5: Dec'21 | N5: Jan'22 | O5: Feb'22 | P5: Mar'22 | Q5: Apr'22 | R5: May'22 | S5: Jun'22 | T5: Jul'22 | U5: Aug'22 | V5: Sep'22 | W5: Oct'22 | X5: Nov'22 | Y5: Dec'22 | Z5: Jan'23 | AA5: Feb'23 | AB5: Mar'23 | AC5: Apr'23 | AD5: May'23 | AE5: Jun'23 | AF5: Jul'23 | AG5: Aug'23 | AH5: Sep'23 | AI5: Oct'23 | AJ5: Nov'23 | AK5: Dec'23 | AL5: Jan'24 | AM5: Feb'24 | AN5: Mar'24 | AO5: Apr'24 | AP5: May'24 | AQ5: Jun'24 | AR5: Jul'24 | AS5: Aug'24 | AT5: Sep'24 | AU5: Oct'24 | AV5: Nov'24 | AW5: Dec'24 | AX5: Jan'25 | AY5: Feb'25 | AZ5: Mar'25 | BA5: Apr'25 | BB5: May'25 | BC5: Jun'25 | BD5: Jul'25 | BE5: 1-5-Aug'25 | BF5: TOTAL
A6: URDU DAILIES
A7: Jang | B7: 15.09734 | C7: 10.691751 | D7: 10.29 | E7: 5.6 | F7: 12.879561 | G7: 10.394322 | H7: 11.328498 | I7: 12.018702 | J7: 10.615791 | K7: 11.357299 | L7: 15.034858 | M7: 28.948123 | N7: 21.348334 | O7: 13.804564 | P7: 3.13396 | Q7: 7.603456 | R7: 24.03985 | S7: 18.364245 | T7: 14.822608 | U7: 26.295111 | V7: 29.475888 | W7: 21.367164 | X7: 22.387273 | Y7: 22.244018 | Z7: 21.869591 | AA7: 22.077648 | AB7: 26.088604 | AC7: 29.260899 | AD7: 26.688401 | AE7: 23.724367 | AF7: 25.114866 | AG7: 32.278788 | AH7: 23.42 | AI7: 15.766502 | AJ7: 17.509612 | AK7: 29.714344 | AL7: 14.327091 | AM7: 14.175971 | AN7: 30.17438 | AO7: 26.700914 | AP7: 37.298325 | AQ7: 32.212635 | AR7: =IFERROR('KHI-CM'!AR7+'LHE-CM'!AR7+'ISB-CM'!AR7,"") -> 58523 | AS7: =IFERROR('KHI-CM'!AS7+'LHE-CM'!AS7+'ISB-CM'!AS7,"") -> 55178 | AT7: =IFERROR('KHI-CM'!AT7+'LHE-CM'!AT7+'ISB-CM'!AT7,"") -> 59195 | AU7: =IFERROR('KHI-CM'!AU7+'LHE-CM'!AU7+'ISB-CM'!AU7,"") -> 47223 | AV7: =IFERROR('KHI-CM'!AV7+'LHE-CM'!AV7+'ISB-CM'!AV7,"") -> 113769 | AW7: =IFERROR('KHI-CM'!AW7+'LHE-CM'!AW7+'ISB-CM'!AW7,"") -> 46964 | AX7: =IFERROR('KHI-CM'!AX7+'LHE-CM'!AX7+'ISB-CM'!AX7,"") -> 46201 | AY7: =IFERROR('KHI-CM'!AY7+'LHE-CM'!AY7+'ISB-CM'!AY7,"") -> 91908 | ... BC7: =IFERROR('KHI-CM'!BC7+'LHE-CM'!BC7+'ISB-CM'!BC7,"") -> 50361 | BF7: =SUM(OFFSET(BF7,0,-1,):OFFSET(BF7,0,-12)) -> 594929
A8: Nawa-e-Waqt | B8: 6.907712 | C8: 7.841268 | D8: 7.52 | E8: 7.1 | F8: 7.106668 | G8: 7.72515 | H8: 7.072632 | I8: 12.081801 | J8: 7.438322 | K8: 8.766963 | L8: 9.117867 | M8: 14.001952 | N8: 8.958039 | O8: 7.394737 | P8: 18.017064 | Q8: 8.04371 | R8: 10.371664 | S8: 6.476073 | T8: 5.226122 | U8: 9.036406 | V8: 10.294263 | W8: 8.992311 | X8: 8.845396 | Y8: 7.87497 | Z8: 8.203922 | AA8: 6.544043 | AB8: 8.65134 | AC8: 8.295643 | AD8: 8.599391 | AE8: 6.185695 | AF8: 6.839256 | AG8: 9.569165 | AH8: 5.59 | AI8: 6.650223 | AJ8: 5.911494 | AK8: 7.060029 | AL8: 4.089816 | AM8: 4.885352 | AN8: 8.98 | AO8: 6.916272 | AP8: 13.251062 | AQ8: 7.74 | AR8: =IFERROR('KHI-CM'!AR8+'LHE-CM'!AR8+'ISB-CM'!AR8,"") -> 19829 | AS8: =IFERROR('KHI-CM'!AS8+'LHE-CM'!AS8+'ISB-CM'!AS8,"") -> 21257 | AT8: =IFERROR('KHI-CM'!AT8+'LHE-CM'!AT8+'ISB-CM'!AT8,"") -> 50777 | AU8: =IFERROR('KHI-CM'!AU8+'LHE-CM'!AU8+'ISB-CM'!AU8,"") -> 64081 | AV8: =IFERROR('KHI-CM'!AV8+'LHE-CM'!AV8+'ISB-CM'!AV8,"") -> 28992 | AW8: =IFERROR('KHI-CM'!AW8+'LHE-CM'!AW8+'ISB-CM'!AW8,"") -> 28485 | AX8: =IFERROR('KHI-CM'!AX8+'LHE-CM'!AX8+'ISB-CM'!AX8,"") -> 23038 | AY8: =IFERROR('KHI-CM'!AY8+'LHE-CM'!AY8+'ISB-CM'!AY8,"") -> 80903 | ... BC8: =IFERROR('KHI-CM'!BC8+'LHE-CM'!BC8+'ISB-CM'!BC8,"") -> 20288 | BF8: =SUM(OFFSET(BF8,0,-1,):OFFSET(BF8,0,-12)) -> 386876
A9: Dunya | B9: 7.553686 | C9: 7.24256 | D9: 6.2 | E9: 6.72 | F9: 4.793114 | G9: 6.357667 | H9: 7.515457 | I9: 8.945556 | J9: 8.486872 | K9: 9.016254 | L9: 7.556263 | M9: 9.793109 | N9: 9.48201 | O9: 9.090956 | P9: 12.907906 | Q9: 7.848496 | R9: 10.667469 | S9: 6.945532 | T9: 6.193979 | U9: 11.314459 | V9: 10.529794 | W9: 8.891695 | X9: 9.030546 | Y9: 8.66087 | Z9: 9.469211 | AA9: 8.74704 | AB9: 12.243445 | AC9: 10.993037 | AD9: 11.616137 | AE9: 8.333219 | AF9: 10.401427 | AG9: 12.698907 | AH9: 8 | AI9: 6.080575 | AJ9: 6.604176 | AK9: 6.922538 | AL9: 5.531615 | AM9: 5.385811 | AN9: 8 | AO9: 6.722851 | AP9: 9.922983 | AQ9: 7.08 | AR9: =IFERROR('KHI-CM'!AR9+'LHE-CM'!AR9+'ISB-CM'!AR9,"") -> 19639 | AS9: =IFERROR('KHI-CM'!AS9+'LHE-CM'!AS9+'ISB-CM'!AS9,"") -> 15814 | AT9: =IFERROR('KHI-CM'!AT9+'LHE-CM'!AT9+'ISB-CM'!AT9,"") -> 28042 | AU9: =IFERROR('KHI-CM'!AU9+'LHE-CM'!AU9+'ISB-CM'!AU9,"") -> 20452 | AV9: =IFERROR('KHI-CM'!AV9+'LHE-CM'!AV9+'ISB-CM'!AV9,"") -> 18922 | AW9: =IFERROR('KHI-CM'!AW9+'LHE-CM'!AW9+'ISB-CM'!AW9,"") -> 12301 | AX9: =IFERROR('KHI-CM'!AX9+'LHE-CM'!AX9+'ISB-CM'!AX9,"") -> 15013 | AY9: =IFERROR('KHI-CM'!AY9+'LHE-CM'!AY9+'ISB-CM'!AY9,"") -> 93536 | ... BC9: =IFERROR('KHI-CM'!BC9+'LHE-CM'!BC9+'ISB-CM'!BC9,"") -> 17035 | BF9: =SUM(OFFSET(BF9,0,-1,):OFFSET(BF9,0,-12)) -> 259003
A10: Express | B10: 16.155117 | C10: 13.579529 | D10: 10.83 | E10: 12.55 | F10: 13.917995 | G10: 12.52823 | H10: 14.475679 | I10: 21.382632 | J10: 24.630816 | K10: 26.862583 | L10: 20.504568 | M10: 23.492954 | N10: 22.318259 | O10: 16.801752 | P10: 22.892411 | Q10: 15.353194 | R10: 18.446426 | S10: 14.576637 | T10: 12.962848 | U10: 19.474177 | V10: 20.89186 | W10: 17.305046 | X10: 18.945986 | Y10: 16.533064 | Z10: 16.422637 | AA10: 17.347711 | AB10: 16.362349 | AC10: 18.025725 | AD10: 19.577094 | AE10: 17.280019 | AF10: 21.191929 | AG10: 26.151707 | AH10: 14.44 | AI10: 9.692603 | AJ10: 14.401557 | AK10: 16.202769 | AL10: 9.443407 | AM10: 7.501593 | AN10: 21.037137 | AO10: 15.581197 | AP10: 25.115278 | AQ10: 17.02 | AR10: =IFERROR('KHI-CM'!AR10+'LHE-CM'!AR10+'ISB-CM'!AR10,"") -> 31124 | AS10: =IFERROR('KHI-CM'!AS10+'LHE-CM'!AS10+'ISB-CM'!AS10,"") -> 36388 | AT10: =IFERROR('KHI-CM'!AT10+'LHE-CM'!AT10+'ISB-CM'!AT10,"") -> 35184 | AU10: =IFERROR('KHI-CM'!AU10+'LHE-CM'!AU10+'ISB-CM'!AU10,"") -> 27414 | AV10: =IFERROR('KHI-CM'!AV10+'LHE-CM'!AV10+'ISB-CM'!AV10,"") -> 92346 | AW10: =IFERROR('KHI-CM'!AW10+'LHE-CM'!AW10+'ISB-CM'!AW10,"") -> 26720 | AX10: =IFERROR('KHI-CM'!AX10+'LHE-CM'!AX10+'ISB-CM'!AX10,"") -> 17330 | AY10: =IFERROR('KHI-CM'!AY10+'LHE-CM'!AY10+'ISB-CM'!AY10,"") -> 76450 | ... BC10: =IFERROR('KHI-CM'!BC10+'LHE-CM'!BC10+'ISB-CM'!BC10,"") -> 26242 | BF10: =SUM(OFFSET(BF10,0,-1,):OFFSET(BF10,0,-12)) -> 382442
A11: % of Jang | B11: =IFERROR(B10/B7,"") -> 1.0700638 | C11: =IFERROR(C10/C7,"") -> 1.270094 | D11: =IFERROR(D10/D7,"") -> 1.0524781 | E11: =IFERROR(E10/E7,"") -> 2.2410714 | F11: =IFERROR(F10/F7,"") -> 1.0806265 | G11: =IFERROR(G10/G7,"") -> 1.2052955 | H11: =IFERROR(H10/H7,"") -> 1.277811 | I11: =IFERROR(I10/I7,"") -> 1.7791133 | ... BC11: =IFERROR(BC10/BC7,"") -> 0.52107782 | BF11: =IFERROR(BF10/BF7,0) -> 0.64283637
A12: Dunya %of Express | B12: =IFERROR(B9/B10,"") -> 0.46757235 | C12: =IFERROR(C9/C10,"") -> 0.53334398 | D12: =IFERROR(D9/D10,"") -> 0.57248384 | E12: =IFERROR(E9/E10,"") -> 0.53545817 | F12: =IFERROR(F9/F10,"") -> 0.34438251 | G12: =IFERROR(G9/G10,"") -> 0.5074673 | H12: =IFERROR(H9/H10,"") -> 0.5191782 | I12: =IFERROR(I9/I10,"") -> 0.41835617 | ... BC12: =IFERROR(BC9/BC10,"") -> 0.64915022 | BF12: =IFERROR(BF9/BF10,"") -> 0.67723472
A13: % Market share | B13: =IFERROR(B10/(SUM(B7:B10)),"") -> 0.35339651 | C13: =IFERROR(C10/(SUM(C7:C10)),"") -> 0.34505124 | D13: =IFERROR(D10/(SUM(D7:D10)),"") -> 0.3108496 | E13: =IFERROR(E10/(SUM(E7:E10)),"") -> 0.39255552 | F13: =IFERROR(F10/(SUM(F7:F10)),"") -> 0.35966285 | G13: =IFERROR(G10/(SUM(G7:G10)),"") -> 0.33855168 | H13: =IFERROR(H10/(SUM(H7:H10)),"") -> 0.35837749 | I13: =IFERROR(I10/(SUM(I7:I10)),"") -> 0.39285589 | ... BC13: =IFERROR(BC10/(SUM(BC7:BC10)),"") -> 0.2303425 | BF13: =IFERROR(BF10/(SUM(BF7:BF10)),0) -> 0.23560265
A16: ENGLISH DAILIES
A17: Dawn | B17: 13.953834 | C17: 5.774404 | D17: 8.8 | E17: 4.1 | F17: 10.434895 | G17: 8.095361 | H17: 10.617011 | I17: 12.656381 | J17: 8.917702 | K17: 8.813458 | L17: 10.569241 | M17: 16.680121 | N17: 15.547754 | O17: 14.518458 | P17: 18.91146 | Q17: 11.075059 | R17: 17.602172 | S17: 13.21135 | T17: 11.631332 | U17: 14.604288 | V17: 17.500305 | W17: 15.791204 | X17: 17.382937 | Y17: 19.230189 | Z17: 15.353522 | AA17: 15.512393 | AB17: 16.820109 | AC17: 17.808457 | AD17: 22.235464 | AE17: 19.009914 | AF17: 7.613115 | AG17: 18.560954 | AH17: 9.27 | AI17: 13.45372 | AJ17: 13.494285 | AK17: 19.297869 | AL17: 11.934633 | AM17: 11.717035 | AN17: 17.873013 | AO17: 14.48414 | AP17: 20.910307 | AQ17: 18.8 | AR17: =IFERROR('KHI-CM'!AR17+'LHE-CM'!AR17+'ISB-CM'!AR17,"") -> 25974 | AS17: =IFERROR('KHI-CM'!AS17+'LHE-CM'!AS17+'ISB-CM'!AS17,"") -> 22954 | AT17: =IFERROR('KHI-CM'!AT17+'LHE-CM'!AT17+'ISB-CM'!AT17,"") -> 17321 | AU17: =IFERROR('KHI-CM'!AU17+'LHE-CM'!AU17+'ISB-CM'!AU17,"") -> 24785 | AV17: =IFERROR('KHI-CM'!AV17+'LHE-CM'!AV17+'ISB-CM'!AV17,"") -> 19439 | AW17: =IFERROR('KHI-CM'!AW17+'LHE-CM'!AW17+'ISB-CM'!AW17,"") -> 20722 | AX17: =IFERROR('KHI-CM'!AX17+'LHE-CM'!AX17+'ISB-CM'!AX17,"") -> 15014 | AY17: =IFERROR('KHI-CM'!AY17+'LHE-CM'!AY17+'ISB-CM'!AY17,"") -> 16931 | ... BC17: =IFERROR('KHI-CM'!BC17+'LHE-CM'!BC17+'ISB-CM'!BC17,"") -> 19841 | BF17: =SUM(OFFSET(BF17,0,-1,):OFFSET(BF17,0,-12)) -> 196170
A18: The News | B18: 6.321294 | C18: 5.140003 | D18: 5.4 | E18: 3.09 | F18: 7.647306 | G18: 7.129734 | H18: 7.482154 | I18: 5.278454 | J18: 5.158544 | K18: 7.599679 | L18: 8.132934 | M18: 11.798222 | N18: 9.862496 | O18: 7.219265 | P18: 1.550076 | Q18: 5.438106 | R18: 13.456527 | S18: 9.090962 | T18: 10.508918 | U18: 11.525099 | V18: 13.666628 | W18: 11.83182 | X18: 12.167267 | Y18: 11.91071 | Z18: 11.576786 | AA18: 11.79742 | AB18: 12.550317 | AC18: 16.057606 | AD18: 17.179009 | AE18: 14.024803 | AF18: 17.914985 | AG18: 18.615299 | AH18: 14.50425 | AI18: 9.801896 | AJ18: 9.390324 | AK18: 10.422133 | AL18: 9.195183 | AM18: 7.697813 | AN18: 12.753145 | AO18: 9.905656 | AP18: 18.838056 | AQ18: 15.447578 | AR18: =IFERROR('KHI-CM'!AR18+'LHE-CM'!AR18+'ISB-CM'!AR18,"") -> 24798 | AS18: =IFERROR('KHI-CM'!AS18+'LHE-CM'!AS18+'ISB-CM'!AS18,"") -> 26174 | AT18: =IFERROR('KHI-CM'!AT18+'LHE-CM'!AT18+'ISB-CM'!AT18,"") -> 24664 | AU18: =IFERROR('KHI-CM'!AU18+'LHE-CM'!AU18+'ISB-CM'!AU18,"") -> 22723 | AV18: =IFERROR('KHI-CM'!AV18+'LHE-CM'!AV18+'ISB-CM'!AV18,"") -> 59305 | AW18: =IFERROR('KHI-CM'!AW18+'LHE-CM'!AW18+'ISB-CM'!AW18,"") -> 26856 | AX18: =IFERROR('KHI-CM'!AX18+'LHE-CM'!AX18+'ISB-CM'!AX18,"") -> 17198 | AY18: =IFERROR('KHI-CM'!AY18+'LHE-CM'!AY18+'ISB-CM'!AY18,"") -> 58083 | ... BC18: =IFERROR('KHI-CM'!BC18+'LHE-CM'!BC18+'ISB-CM'!BC18,"") -> 25674 | BF18: =SUM(OFFSET(BF18,0,-1,):OFFSET(BF18,0,-12)) -> 323361
A19: The Nation | B19: 3.997251 | C19: 3.925002 | D19: 5.08 | E19: 4.92 | F19: 4.26907 | G19: 3.036998 | H19: 4.341037 | I19: 5.448661 | J19: 3.649865 | K19: 4.896331 | L19: 4.577326 | M19: 5.086329 | N19: 4.949965 | O19: 2.495923 | P19: 5.032894 | Q19: 3.574598 | R19: 4.715088 | S19: 2.721448 | T19: 1.885161 | U19: 3.51596 | V19: 3.9601 | W19: 3.907693 | X19: 4.294805 | Y19: 4.489234 | Z19: 4.300799 | AA19: 4.233498 | AB19: 3.854215 | AC19: 2.870628 | AD19: 4.207424 | AE19: 2.526221 | AF19: 4.910008 | AG19: 4.582764 | AH19: 3.93 | AI19: 3.193904 | AJ19: 3.893676 | AK19: 3.826207 | AL19: 3.005638 | AM19: 2.330532 | AN19: 5.126404 | AO19: 2.89823 | AP19: 5.661383 | AQ19: 3.91 | AR19: =IFERROR('KHI-CM'!AR19+'LHE-CM'!AR19+'ISB-CM'!AR19,"") -> 5305 | AS19: =IFERROR('KHI-CM'!AS19+'LHE-CM'!AS19+'ISB-CM'!AS19,"") -> 9209 | AT19: =IFERROR('KHI-CM'!AT19+'LHE-CM'!AT19+'ISB-CM'!AT19,"") -> 10166 | AU19: =IFERROR('KHI-CM'!AU19+'LHE-CM'!AU19+'ISB-CM'!AU19,"") -> 31959 | AV19: =IFERROR('KHI-CM'!AV19+'LHE-CM'!AV19+'ISB-CM'!AV19,"") -> 12128 | AW19: =IFERROR('KHI-CM'!AW19+'LHE-CM'!AW19+'ISB-CM'!AW19,"") -> 12098 | AX19: =IFERROR('KHI-CM'!AX19+'LHE-CM'!AX19+'ISB-CM'!AX19,"") -> 9864 | AY19: =IFERROR('KHI-CM'!AY19+'LHE-CM'!AY19+'ISB-CM'!AY19,"") -> 47311 | ... BC19: =IFERROR('KHI-CM'!BC19+'LHE-CM'!BC19+'ISB-CM'!BC19,"") -> 9330 | BF19: =SUM(OFFSET(BF19,0,-1,):OFFSET(BF19,0,-12)) -> 164343
A20: Express Tribune | B20: 5.799375 | C20: 3.745056 | D20: 6.36 | E20: 5.36 | F20: 5.565965 | G20: 5.442742 | H20: 6.232913 | I20: 9.343403 | J20: 10.734102 | K20: 10.579295 | L20: 6.985874 | M20: 10.763065 | N20: 9.007981 | O20: 5.115624 | P20: 9.815796 | Q20: 6.832564 | R20: 4.940242 | S20: 3.779328 | T20: 3.020303 | U20: 6.895909 | V20: 5.592428 | W20: 6.39621 | X20: 6.77861 | Y20: 6.311807 | Z20: 5.739151 | AA20: 5.42259 | AB20: 5.246717 | AC20: 5.348247 | AD20: 7.929129 | AE20: 6.168859 | AF20: 12.985492 | AG20: 11.361283 | AH20: 6.88 | AI20: 6.641864 | AJ20: 7.056281 | AK20: 7.832696 | AL20: 5.95072 | AM20: 5.18032 | AN20: 8.428813 | AO20: 5.98236 | AP20: 10.996279 | AQ20: 9.2816 | AR20: =IFERROR('KHI-CM'!AR20+'LHE-CM'!AR20+'ISB-CM'!AR20,"") -> 17549 | AS20: =IFERROR('KHI-CM'!AS20+'LHE-CM'!AS20+'ISB-CM'!AS20,"") -> 16712 | AT20: =IFERROR('KHI-CM'!AT20+'LHE-CM'!AT20+'ISB-CM'!AT20,"") -> 13741 | AU20: =IFERROR('KHI-CM'!AU20+'LHE-CM'!AU20+'ISB-CM'!AU20,"") -> 10609 | AV20: =IFERROR('KHI-CM'!AV20+'LHE-CM'!AV20+'ISB-CM'!AV20,"") -> 48385 | AW20: =IFERROR('KHI-CM'!AW20+'LHE-CM'!AW20+'ISB-CM'!AW20,"") -> 12930 | AX20: =IFERROR('KHI-CM'!AX20+'LHE-CM'!AX20+'ISB-CM'!AX20,"") -> 12397 | AY20: =IFERROR('KHI-CM'!AY20+'LHE-CM'!AY20+'ISB-CM'!AY20,"") -> 50855 | ... BC20: =IFERROR('KHI-CM'!BC20+'LHE-CM'!BC20+'ISB-CM'!BC20,"") -> 10356 | BF20: =SUM(OFFSET(BF20,0,-1,):OFFSET(BF20,0,-12)) -> 189664
A21: % of Dawn | B21: =IFERROR(B20/B17,"") -> 0.41561158 | C21: =IFERROR(C20/C17,"") -> 0.64856148 | D21: =IFERROR(D20/D17,"") -> 0.72272727 | E21: =IFERROR(E20/E17,"") -> 1.3073171 | F21: =IFERROR(F20/F17,"") -> 0.53339923 | G21: =IFERROR(G20/G17,"") -> 0.67232851 | H21: =IFERROR(H20/H17,"") -> 0.58706853 | I21: =IFERROR(I20/I17,"") -> 0.73823655 | ... BC21: =IFERROR(BC20/BC17,"") -> 0.5219495 | BF21: =IFERROR(BF20/BF17,"") -> 0.96683489
A22: % of News | B22: =IFERROR(B20/B18,"") -> 0.91743478 | C22: =IFERROR(C20/C18,"") -> 0.72860969 | D22: =IFERROR(D20/D18,"") -> 1.1777778 | E22: =IFERROR(E20/E18,"") -> 1.7346278 | F22: =IFERROR(F20/F18,"") -> 0.72783344 | G22: =IFERROR(G20/G18,"") -> 0.7633864 | H22: =IFERROR(H20/H18,"") -> 0.83303725 | I22: =IFERROR(I20/I18,"") -> 1.7701022 | ... BC22: =IFERROR(BC20/BC18,"") -> 0.40336527 | BF22: =IFERROR(BF20/BF18,"") -> 0.5865395
A23: % Market share | B23: =IFERROR(B20/(SUM(B17:B20)),"") -> 0.19285124 | C23: =IFERROR(C20/(SUM(C17:C20)),"") -> 0.20151541 | D23: =IFERROR(D20/(SUM(D17:D20)),"") -> 0.24804992 | E23: =IFERROR(E20/(SUM(E17:E20)),"") -> 0.30681168 | F23: =IFERROR(F20/(SUM(F17:F20)),"") -> 0.19937378 | G23: =IFERROR(G20/(SUM(G17:G20)),"") -> 0.22960472 | H23: =IFERROR(H20/(SUM(H17:H20)),"") -> 0.2173783 | I23: =IFERROR(I20/(SUM(I17:I20)),"") -> 0.28549613 | ... BC23: =IFERROR(BC20/(SUM(BC17:BC20)),"") -> 0.15883192 | BF23: =IFERROR(BF20/(SUM(BF17:BF20)),"") -> 0.21712164
A26: SINDHI DAILIES
A27: Kawish | B27: 1.795784 | C27: 1.121685 | D27: 1.5 | E27: 1.31 | F27: 1.396854 | G27: 1.034401 | H27: 1.572873 | I27: 1.680217 | J27: 1.0506 | K27: 1.241503 | L27: 2.023985 | M27: 1.839643 | N27: 2.303581 | O27: 0.537238 | P27: 1.765072 | Q27: 0.777741 | R27: 2.237599 | S27: 1.524038 | T27: 0.83395 | U27: 2.268865 | V27: 2.074141 | W27: 1.461587 | X27: 2.03034 | Y27: 1.854119 | Z27: 1.897813 | AA27: 1.971348 | AB27: 1.215611 | AC27: 1.768058 | AD27: 1.571967 | AE27: 1.059966 | AF27: 2.01754 | AG27: 2.480135 | AH27: 1.669064 | AI27: 1.465879 | AJ27: 1.775873 | AK27: 3.134528 | AL27: 1.300294 | AM27: 0.324891 | AN27: 1.04 | AO27: 0.840892 | AP27: 1.795937 | AQ27: 2.04 | AR27: ='KHI-CM'!AR27+'ISB-CM'!AR27 -> 1464 | AS27: ='KHI-CM'!AS27+'ISB-CM'!AS27 -> 2285 | AT27: ='KHI-CM'!AT27+'ISB-CM'!AT27 -> 1834 | AU27: ='KHI-CM'!AU27+'ISB-CM'!AU27 -> 696 | AV27: ='KHI-CM'!AV27+'ISB-CM'!AV27 -> 1314 | AW27: ='KHI-CM'!AW27+'ISB-CM'!AW27 -> 3118 | AX27: ='KHI-CM'!AX27+'ISB-CM'!AX27 -> 1394 | AY27: ='KHI-CM'!AY27+'ISB-CM'!AY27 -> 1114 | ... BC27: ='KHI-CM'!BC27+'ISB-CM'!BC27 -> 141 | BF27: =SUM(OFFSET(BF27,0,-1,):OFFSET(BF27,0,-12)) -> 14457
A28: Ibrat | B28: 0.502075 | C28: 0.851532 | D28: 0.29 | E28: 1.09 | F28: 1.86303 | G28: 0.632345 | H28: 1.745078 | I28: 0.623969 | J28: 0.707594 | K28: 0.199333 | L28: 0.849348 | M28: 0.977329 | N28: 1.021226 | O28: 0.258708 | P28: 0.643927 | Q28: 0.336235 | R28: 2.587492 | S28: 0.866413 | T28: 0.508608 | U28: 2.204969 | V28: 1.816481 | W28: 1.318126 | X28: 0.758331 | Y28: 1.37171 | Z28: 0.894514 | AA28: 1.416947 | AB28: 0.904361 | AC28: 1.151957 | AD28: 1.082698 | AE28: 0.631234 | AF28: 0.674008 | AG28: 0.694773 | AH28: 0.506651 | AI28: 0.756912 | AJ28: 0.579793 | AK28: 0.699886 | AL28: 0.271028 | AM28: 0.145744 | AN28: 0.93 | AO28: 0.26255 | AP28: 0.70025 | AQ28: 0.563754 | AR28: ='KHI-CM'!AR28+'ISB-CM'!AR28 -> 572 | AS28: ='KHI-CM'!AS28+'ISB-CM'!AS28 -> 108 | AT28: ='KHI-CM'!AT28+'ISB-CM'!AT28 -> 632 | AU28: ='KHI-CM'!AU28+'ISB-CM'!AU28 -> 276 | AV28: ='KHI-CM'!AV28+'ISB-CM'!AV28 -> 108 | AW28: ='KHI-CM'!AW28+'ISB-CM'!AW28 -> 1266 | AX28: ='KHI-CM'!AX28+'ISB-CM'!AX28 -> 246 | AY28: ='KHI-CM'!AY28+'ISB-CM'!AY28 -> 354 | ... BC28: ='KHI-CM'!BC28+'ISB-CM'!BC28 -> 0 | BF28: =SUM(OFFSET(BF28,0,-1,):OFFSET(BF28,0,-12)) -> 4991
A29: Awami Awaz | B29: 0.774476 | C29: 0.651834 | D29: 1.16 | E29: 0.73 | F29: 1.23831 | G29: 0.53944 | H29: 0.913738 | I29: 1.727157 | J29: 0.965691 | K29: 0.802107 | L29: 1.324675 | M29: 2.574659 | N29: 1.703038 | O29: 0.673784 | P29: 1.848599 | Q29: 1.085642 | R29: 2.022301 | S29: 1.292617 | T29: 0.449994 | U29: 1.371873 | V29: 1.620442 | W29: 1.227541 | X29: 1.144625 | Y29: 0.979173 | Z29: 0.778646 | AA29: 1.210892 | AB29: 1.40032 | AC29: 1.824713 | AD29: 0.594727 | AE29: 0.931726 | AF29: 1.318913 | AG29: 1.796606 | AH29: 1.01476 | AI29: 1.139222 | AJ29: 0.649673 | AK29: 1.378046 | AL29: 0.380077 | AM29: 0.539649 | AN29: 1.16 | AO29: 0.638773 | AP29: 1.122362 | AQ29: 0.98 | AR29: ='KHI-CM'!AR29+'ISB-CM'!AR29 -> 386 | AS29: ='KHI-CM'!AS29+'ISB-CM'!AS29 -> 501 | AT29: ='KHI-CM'!AT29+'ISB-CM'!AT29 -> 597 | AU29: ='KHI-CM'!AU29+'ISB-CM'!AU29 -> 324 | AV29: ='KHI-CM'!AV29+'ISB-CM'!AV29 -> 516 | AW29: ='KHI-CM'!AW29+'ISB-CM'!AW29 -> 1180 | AX29: ='KHI-CM'!AX29+'ISB-CM'!AX29 -> 486 | AY29: ='KHI-CM'!AY29+'ISB-CM'!AY29 -> 538 | ... BC29: ='KHI-CM'!BC29+'ISB-CM'!BC29 -> 504 | BF29: =SUM(OFFSET(BF29,0,-1,):OFFSET(BF29,0,-12)) -> 7164
A30: Sobh | B30: 0 | C30: 0 | D30: 0 | E30: 0 | F30: 0 | G30: 0 | H30: 0 | I30: 0 | J30: 0 | K30: 0 | L30: 0 | M30: 0 | N30: 0 | O30: 0 | P30: 0 | Q30: 0 | R30: 0 | S30: 0 | T30: 0 | U30: 0 | V30: 0 | W30: 0 | X30: 0 | Y30: 0 | Z30: 0 | AA30: 0 | AB30: 0 | AC30: 0 | AD30: 0.319182 | AE30: 0 | AF30: 0 | AG30: 0 | AH30: 0 | AI30: 0 | AJ30: 0 | AK30: 0 | AL30: 0 | AM30: 0 | AN30: 0 | AO30: 0 | AP30: 0 | AQ30: 0 | BF30: =SUM(OFFSET(BF30,0,-1,):OFFSET(BF30,0,-12)) -> 0
A31: Sindh Express | B31: 0.20073 | C31: 0.175356 | D31: 0.32 | E31: 0.12 | F31: 0.345416 | G31: 0.202884 | H31: 0.640307 | I31: 0.781495 | J31: 0.075113 | K31: 0.197304 | L31: 0.243102 | M31: 0.426292 | N31: 0.586286 | O31: 0.717342 | P31: 1.529907 | Q31: 0.367725 | R31: 0.559764 | S31: 0.123252 | T31: 0.321663 | U31: 1.420696 | V31: 0.935295 | W31: 0.273894 | X31: 0.738375 | Y31: 0.477796 | Z31: 0.604086 | AA31: 0.87632 | AB31: 0.357077 | AC31: 0.373658 | AD31: 0.319182 | AE31: 0.457101 | AF31: 0.367131 | AG31: 0.803523 | AH31: 0.151442 | AI31: 0.421334 | AJ31: 0.770959 | AK31: 0.501173 | AL31: 0.56554 | AM31: 0.053 | AN31: 0.23 | AO31: 0.27874 | AP31: 1.028829 | AQ31: 0.55 | AR31: ='KHI-CM'!AR31+'ISB-CM'!AR31 -> 0 | AS31: ='KHI-CM'!AS31+'ISB-CM'!AS31 -> 30 | AT31: ='KHI-CM'!AT31+'ISB-CM'!AT31 -> 0 | AU31: ='KHI-CM'!AU31+'ISB-CM'!AU31 -> 0 | AV31: ='KHI-CM'!AV31+'ISB-CM'!AV31 -> 0 | AW31: ='KHI-CM'!AW31+'ISB-CM'!AW31 -> 168 | AX31: ='KHI-CM'!AX31+'ISB-CM'!AX31 -> 60 | AY31: ='KHI-CM'!AY31+'ISB-CM'!AY31 -> 45 | ... BC31: ='KHI-CM'!BC31+'ISB-CM'!BC31 -> 0 | BF31: =SUM(OFFSET(BF31,0,-1,):OFFSET(BF31,0,-12)) -> 273
A32: % of Kawish | B32: =IFERROR(B31/B27,"") -> 0.11177848 | C32: =IFERROR(C31/C27,"") -> 0.15633266 | D32: =IFERROR(D31/D27,"") -> 0.21333333 | E32: =IFERROR(E31/E27,"") -> 0.091603053 | F32: =IFERROR(F31/F27,"") -> 0.24728139 | G32: =IFERROR(G31/G27,"") -> 0.1961367 | H32: =IFERROR(H31/H27,"") -> 0.4070939 | I32: =IFERROR(I31/I27,"") -> 0.46511552 | ... BC32: =IFERROR(BC31/BC27,"") -> 0 | BF32: =IFERROR(BF31/BF27,"") -> 0.018883586
A33: % Market share | B33: =IFERROR(B31/(SUM(B27:B31)),"") -> 0.061327838 | C33: =IFERROR(C31/(SUM(C27:C31)),"") -> 0.062618041 | D33: =IFERROR(D31/(SUM(D27:D31)),"") -> 0.097859327 | E33: =IFERROR(E31/(SUM(E27:E31)),"") -> 0.036923077 | F33: =IFERROR(F31/(SUM(F27:F31)),"") -> 0.071313752 | G33: =IFERROR(G31/(SUM(G27:G31)),"") -> 0.084216731 | H33: =IFERROR(H31/(SUM(H27:H31)),"") -> 0.13142601 | I33: =IFERROR(I31/(SUM(I27:I31)),"") -> 0.16237717 | ... BC33: =IFERROR(BC31/(SUM(BC27:BC31)),"") -> 0 | BF33: =IFERROR(BF31/(SUM(BF27:BF31)),"") -> 0.010154361
A35: Grading
A36: Total /Highest
A37: Medium (50% of Total)
A38: Lowest
A66: urdu
A67: JAN'15
A68: FEB'15
A69: MAR'15
A70: APR'15
A71: MAY'15
A72: JUN'15
A73: JULY'15
... A75: Total

Sheet KHI-CM
A1: Commercial Volum - KHI
A2: From 01/01/2021 To 05/8/2025
A4: Number in Cms
B5: Jan'21 | C5: Feb'21 | D5: Mar'21 | E5: Apr'21 | F5: May'21 | G5: Jun'21 | H5: Jul'21 | I5: Aug'21 | J5: Sep'21 | K5: Oct'21 | L5: Nov'21 | M5: Dec'21 | N5: Jan'22 | O5: Feb'22 | P5: Mar'22 | Q5: Apr'22 | R5: May'22 | S5: Jun'22 | T5: Jul'22 | U5: Aug'22 | V5: Sep'22 | W5: Oct'22 | X5: Nov'22 | Y5: Dec'22 | Z5: Jan'23 | AA5: Feb'23 | AB5: Mar'23 | AC5: Apr'23 | AD5: May'23 | AE5: Jun'23 | AF5: Jul'23 | AG5: Aug'23 | AH5: Sep'23 | AI5: Oct'23 | AJ5: Nov'23 | AK5: Dec'23 | AL5: Jan'24 | AM5: Feb'24 | AN5: Mar'24 | AO5: Apr'24 | AP5: May'24 | AQ5: Jun'24 | AR5: Jul'24 | AS5: Aug'24 | AT5: Sep'24 | AU5: Oct'24 | AV5: Nov'24 | AW5: Dec'24 | AX5: Jan'25 | AY5: Feb'25 | AZ5: Mar'25 | BA5: Apr'25 | BB5: May'25 | BC5: Jun'25 | BD5: 1-15-Jul'25 | BE5: TOTAL
A6: URDU DAILIES
A7: Jang | B7: 1.856006 | C7: 1.325413 | D7: 2.6 | E7: 1.4 | F7: 2.495543 | G7: 2.545543 | H7: 1.982599 | I7: 2.235739 | J7: 1.937301 | K7: 1.999335 | L7: 3.802504 | M7: 4.623924 | N7: 2.973394 | O7: 2.413815 | P7: 0.338193 | Q7: 0.687754 | R7: 3.965255 | S7: 3.168266 | T7: 2.2013 | U7: 4.336935 | V7: 4.052489 | W7: 4.021154 | X7: 6.009009 | Y7: 3.893744 | Z7: 3.546741 | AA7: 2.811452 | AB7: 2.871886 | AC7: 2.937747 | AD7: 2.925448 | AE7: 3.4201 | AF7: 3.950893 | AG7: 4.421612 | AH7: 4.1 | AI7: 2.616394 | AJ7: 3.781798 | AK7: 8.19904 | AL7: 2.086557 | AM7: 3.320299 | AN7: 6.94 | AO7: 3.991557 | AP7: 4.420787 | AQ7: 5.61 | AR7: ='Express-Khi'!AS12-'Express-Khi'!AS11 -> 23012 | AS7: ='Express-Khi'!AT12-'Express-Khi'!AT11 -> 24980 | AT7: ='Express-Khi'!AU12-'Express-Khi'!AU11 -> 26376 | AU7: ='Express-Khi'!AV12-'Express-Khi'!AV11 -> 25562 | AV7: ='Express-Khi'!AW12-'Express-Khi'!AW11 -> 91528 | AW7: ='Express-Khi'!AX12-'Express-Khi'!AX11 -> 23127 | AX7: ='Express-Khi'!AY12-'Express-Khi'!AY11 -> 17867 | AY7: ='Express-Khi'!AZ12-'Express-Khi'!AZ11 -> 22018 | ... BC7: ='Express-Khi'!BD12-'Express-Khi'!BD11 -> 24973 | BE7: =SUM(OFFSET(BE7,0,-1,):OFFSET(BE7,0,-12)) -> 329531
A8: Nawa-e-Waqt | B8: 1.002764 | C8: 1.325413 | D8: 1.6 | E8: 0.9 | F8: 0.735711 | G8: 0.689371 | H8: 0.559737 | I8: 0.874119 | J8: 0.673927 | K8: 0.543214 | L8: 0.610018 | M8: 0.978761 | N8: 0.636849 | O8: 0.655352 | P8: 0.822158 | Q8: 0.497116 | R8: 0.756809 | S8: 0.85491 | T8: 0.620546 | U8: 0.826327 | V8: 1.293032 | W8: 0.948287 | X8: 1.183978 | Y8: 1.204828 | Z8: 0.696332 | AA8: 0.816224 | AB8: 0.76681 | AC8: 0.540901 | AD8: 0.692934 | AE8: 0.655273 | AF8: 0.778123 | AG8: 1.256872 | AH8: 0.52 | AI8: 1.135776 | AJ8: 0.539948 | AK8: 1.220431 | AL8: 0.387187 | AM8: 0.462088 | AN8: 0.77 | AO8: 0.484625 | AP8: 0.657284 | AQ8: 0.81 | AR8: ='Express-Khi'!AS19-'Express-Khi'!AS18 -> 10346 | AS8: ='Express-Khi'!AT19-'Express-Khi'!AT18 -> 11629 | AT8: ='Express-Khi'!AU19-'Express-Khi'!AU18 -> 20536 | AU8: ='Express-Khi'!AV19-'Express-Khi'!AV18 -> 29562 | AV8: ='Express-Khi'!AW19-'Express-Khi'!AW18 -> 16578 | AW8: ='Express-Khi'!AX19-'Express-Khi'!AX18 -> 17851 | AX8: ='Express-Khi'!AY19-'Express-Khi'!AY18 -> 12731 | AY8: ='Express-Khi'!AZ19-'Express-Khi'!AZ18 -> 19806 | ... BC8: ='Express-Khi'!BD19-'Express-Khi'!BD18 -> 11151 | BE8: =SUM(OFFSET(BE8,0,-1,):OFFSET(BE8,0,-12)) -> 182511
A9: Dunya | B9: 1.177694 | C9: 0.753044 | D9: 1.6 | E9: 1.5 | F9: 0.639837 | G9: 1.297196 | H9: 0.27434 | I9: 1.102437 | J9: 0.604818 | K9: 0.701474 | L9: 0.45673 | M9: 1.510972 | N9: 1.792546 | O9: 1.448701 | P9: 2.786599 | Q9: 1.494241 | R9: 1.552658 | S9: 1.929922 | T9: 1.004421 | U9: 1.436887 | V9: 1.717239 | W9: 1.436805 | X9: 2.31635 | Y9: 1.495633 | Z9: 1.826183 | AA9: 1.269228 | AB9: 1.527613 | AC9: 1.244758 | AD9: 1.540483 | AE9: 1.569819 | AF9: 1.688772 | AG9: 1.752557 | AH9: 1.56 | AI9: 0.710741 | AJ9: 1.540929 | AK9: 1.516655 | AL9: 0.720556 | AM9: 0.977985 | AN9: 1.54 | AO9: 1.301966 | AP9: 1.220905 | AQ9: 1.33 | AR9: ='Express-Khi'!AS25-'Express-Khi'!AS24 -> 5094 | AS9: ='Express-Khi'!AT25-'Express-Khi'!AT24 -> 836 | AT9: ='Express-Khi'!AU25-'Express-Khi'!AU24 -> 5517 | AU9: ='Express-Khi'!AV25-'Express-Khi'!AV24 -> 5790 | AV9: ='Express-Khi'!AW25-'Express-Khi'!AW24 -> 7180 | AW9: ='Express-Khi'!AX25-'Express-Khi'!AX24 -> 3411 | AX9: ='Express-Khi'!AY25-'Express-Khi'!AY24 -> 6042 | AY9: ='Express-Khi'!AZ25-'Express-Khi'!AZ24 -> 5988 | ... BC9: ='Express-Khi'!BD25-'Express-Khi'!BD24 -> 7787 | BE9: =SUM(OFFSET(BE9,0,-1,):OFFSET(BE9,0,-12)) -> 57107
A10: Express | B10: 2.774099 | C10: 1.598019 | D10: 2.6 | E10: 1.8 | F10: 1.986884 | G10: 1.758644 | H10: 1.959274 | I10: 3.196627 | J10: 2.860109 | K10: 2.97819 | L10: 2.190761 | M10: 2.256433 | N10: 1.372475 | O10: 1.615479 | P10: 3.564576 | Q10: 2.459789 | R10: 2.814043 | S10: 2.258772 | T10: 1.232248 | U10: 2.492531 | V10: 3.729916 | W10: 1.895998 | X10: 3.83061 | Y10: 3.134008 | Z10: 1.894208 | AA10: 1.429838 | AB10: 1.620863 | AC10: 1.458777 | AD10: 1.147832 | AE10: 2.253635 | AF10: 1.892758 | AG10: 2.43894 | AH10: 2.12 | AI10: 1.473145 | AJ10: 1.035718 | AK10: 3.377635 | AL10: 1.400159 | AM10: 1.05911 | AN10: 3.31 | AO10: 2.163398 | AP10: 2.143852 | AQ10: 1.99 | AR10: ='Express-Khi'!AS33-'Express-Khi'!AS32 -> 13502 | AS10: ='Express-Khi'!AT33-'Express-Khi'!AT32 -> 16604 | AT10: ='Express-Khi'!AU33-'Express-Khi'!AU32 -> 16413 | AU10: ='Express-Khi'!AV33-'Express-Khi'!AV32 -> 15151 | AV10: ='Express-Khi'!AW33-'Express-Khi'!AW32 -> 82636 | AW10: ='Express-Khi'!AX33-'Express-Khi'!AX32 -> 16400 | AX10: ='Express-Khi'!AY33-'Express-Khi'!AY32 -> 10216 | AY10: ='Express-Khi'!AZ33-'Express-Khi'!AZ32 -> 12950 | ... BC10: ='Express-Khi'!BD33-'Express-Khi'!BD32 -> 12061 | BE10: =SUM(OFFSET(BE10,0,-1,):OFFSET(BE10,0,-12)) -> 225418
A11: % of Jang | B11: =IFERROR(B10/B7,"") -> 1.4946606 | C11: =IFERROR(C10/C7,"") -> 1.2056763 | D11: =IFERROR(D10/D7,"") -> 1 | E11: =IFERROR(E10/E7,"") -> 1.2857143 | F11: =IFERROR(F10/F7,"") -> 0.79617302 | G11: =IFERROR(G10/G7,"") -> 0.69087185 | H11: =IFERROR(H10/H7,"") -> 0.98823514 | I11: =IFERROR(I10/I7,"") -> 1.4297854 | ... BE11: =IFERROR(BE10/BE7,"") -> 0.68405704
A12: Dunya %of Express | B12: =IFERROR(B10/B9,"") -> 2.3555346 | C12: =IFERROR(C10/C9,"") -> 2.1220792 | D12: =IFERROR(D10/D9,"") -> 1.625 | E12: =IFERROR(E10/E9,"") -> 1.2 | F12: =IFERROR(F10/F9,"") -> 3.1052971 | G12: =IFERROR(G10/G9,"") -> 1.3557273 | H12: =IFERROR(H10/H9,"") -> 7.141773 | I12: =IFERROR(I10/I9,"") -> 2.8996006 | ... BD12: =IFERROR(BD10/BD9,"") | BE12: =IFERROR(BE9/BE10,"") -> 0.25333824
A13: % Market share | B13: =IFERROR(B10/(SUM(B7:B10)),"") -> 0.40732301 | C13: =IFERROR(C10/(SUM(C7:C10)),"") -> 0.3194831 | D13: =IFERROR(D10/(SUM(D7:D10)),"") -> 0.30952381 | E13: =IFERROR(E10/(SUM(E7:E10)),"") -> 0.32142857 | F13: =IFERROR(F10/(SUM(F7:F10)),"") -> 0.33917591 | G13: =IFERROR(G10/(SUM(G7:G10)),"") -> 0.27956013 | H13: =IFERROR(H10/(SUM(H7:H10)),"") -> 0.41023754 | I13: =IFERROR(I10/(SUM(I7:I10)),"") -> 0.43145643 | ... BE13: =IFERROR(BE10/(SUM(BE7:BE10)),"") -> 0.28369917
A16: ENGLISH DAILIES
A17: Dawn | B17: 2.951402 | C17: 1.951152 | D17: 3.5 | E17: 1.7 | F17: 4.758676 | G17: 3.709633 | H17: 2.788187 | I17: 3.753219 | J17: 3.518381 | K17: 3.499557 | L17: 3.651924 | M17: 5.162276 | N17: 4.223199 | O17: 4.933044 | P17: 6.432406 | Q17: 2.240695 | R17: 8.221945 | S17: 5.363271 | T17: 3.948154 | U17: 4.945091 | V17: 3.81963 | W17: 5.441662 | X17: 8.065563 | Y17: 6.08723 | Z17: 5.007257 | AA17: 3.2725 | AB17: 3.658168 | AC17: 3.475425 | AD17: 6.10341 | AE17: 6.804263 | AF17: 2.294651 | AG17: 5.503244 | AH17: 2.72 | AI17: 5.170824 | AJ17: 5.427591 | AK17: 7.922926 | AL17: 4.613798 | AM17: 5.311131 | AN17: 8.58 | AO17: 5.42348 | AP17: 6.632195 | AQ17: 6.57 | AR17: ='Tribune-Khi'!DM12-'Tribune-Khi'!DM11 -> 19065 | AS17: ='Tribune-Khi'!DN12-'Tribune-Khi'!DN11 -> 13722 | AT17: ='Tribune-Khi'!DO12-'Tribune-Khi'!DO11 -> 11192 | AU17: ='Tribune-Khi'!DP12-'Tribune-Khi'!DP11 -> 13664 | AV17: ='Tribune-Khi'!DQ12-'Tribune-Khi'!DQ11 -> 13345 | AW17: ='Tribune-Khi'!DR12-'Tribune-Khi'!DR11 -> 13347 | AX17: ='Tribune-Khi'!DS12-'Tribune-Khi'!DS11 -> 10518 | AY17: ='Tribune-Khi'!DT12-'Tribune-Khi'!DT11 -> 12122 | ... BC17: ='Tribune-Khi'!DX12-'Tribune-Khi'!DX11 -> 13033 | BE17: =SUM(OFFSET(BE17,0,-1,):OFFSET(BE17,0,-12)) -> 143896
A18: The News | B18: 0.378083 | C18: 0.339292 | D18: 0.7 | E18: 0.5 | F18: 1.247253 | G18: 1.371172 | H18: 1.225572 | I18: 0.767275 | J18: 1.069058 | K18: 1.510103 | L18: 1.246025 | M18: 1.865626 | N18: 1.934144 | O18: 1.274461 | P18: 0.286771 | Q18: 0.349383 | R18: 2.105488 | S18: 1.76663 | T18: 2.289104 | U18: 1.012408 | V18: 1.908278 | W18: 2.761346 | X18: 3.179387 | Y18: 2.461293 | Z18: 2.088815 | AA18: 1.468698 | AB18: 1.90153 | AC18: 2.101074 | AD18: 3.078425 | AE18: 2.345292 | AF18: 3.947631 | AG18: 3.070229 | AH18: 3.48 | AI18: 1.482551 | AJ18: 0.950218 | AK18: 1.766551 | AL18: 1.403786 | AM18: 1.33732 | AN18: 1.62 | AO18: 1.396415 | AP18: 3.905142 | AQ18: 4.01 | AR18: ='Tribune-Khi'!DM19-'Tribune-Khi'!DM18 -> 9007 | AS18: ='Tribune-Khi'!DN19-'Tribune-Khi'!DN18 -> 6055 | AT18: ='Tribune-Khi'!DO19-'Tribune-Khi'!DO18 -> 9607 | AU18: ='Tribune-Khi'!DP19-'Tribune-Khi'!DP18 -> 7300 | AV18: ='Tribune-Khi'!DQ19-'Tribune-Khi'!DQ18 -> 44777 | AW18: ='Tribune-Khi'!DR19-'Tribune-Khi'!DR18 -> 13612 | AX18: ='Tribune-Khi'!DS19-'Tribune-Khi'!DS18 -> 4925 | AY18: ='Tribune-Khi'!DT19-'Tribune-Khi'!DT18 -> 7657 | ... BC18: ='Tribune-Khi'!DX19-'Tribune-Khi'!DX18 -> 12134 | BE18: =SUM(OFFSET(BE18,0,-1,):OFFSET(BE18,0,-12)) -> 162265
A19: The Nation | B19: 1.131262 | C19: 0.371413 | D19: 1.5 | E19: 0.9 | F19: 0.415161 | G19: 0.686373 | H19: 0.304166 | I19: 0.569461 | J19: 0.420458 | K19: 0.373287 | L19: 0.353614 | M19: 0.604065 | N19: 0.530314 | O19: 0.234016 | P19: 0.304439 | Q19: 0.290944 | R19: 0.362507 | S19: 0.254527 | T19: 0.25512 | U19: 0.276931 | V19: 0.39071 | W19: 1.05493 | X19: 0.789246 | Y19: 0.921719 | Z19: 0.56413 | AA19: 0.653518 | AB19: 0.536506 | AC19: 0.353835 | AD19: 0.658058 | AE19: 0.43673 | AF19: 0.649395 | AG19: 0.501743 | AH19: 0.77 | AI19: 0.652696 | AJ19: 0.451407 | AK19: 0.701912 | AL19: 0.549074 | AM19: 0.354365 | AN19: 1.4 | AO19: 0.499979 | AP19: 0.617208 | AQ19: 0.96 | AR19: ='Tribune-Khi'!DM26-'Tribune-Khi'!DM25 -> 1025 | AS19: ='Tribune-Khi'!DN26-'Tribune-Khi'!DN25 -> 4889 | AT19: ='Tribune-Khi'!DO26-'Tribune-Khi'!DO25 -> 3839 | AU19: ='Tribune-Khi'!DP26-'Tribune-Khi'!DP25 -> 11421 | AV19: ='Tribune-Khi'!DQ26-'Tribune-Khi'!DQ25 -> 5460 | AW19: ='Tribune-Khi'!DR26-'Tribune-Khi'!DR25 -> 5645 | AX19: ='Tribune-Khi'!DS26-'Tribune-Khi'!DS25 -> 6167 | AY19: ='Tribune-Khi'!DT26-'Tribune-Khi'!DT25 -> 2951 | ... BC19: ='Tribune-Khi'!DX26-'Tribune-Khi'!DX25 -> 5394 | BE19: =SUM(OFFSET(BE19,0,-1,):OFFSET(BE19,0,-12)) -> 58836
A20: Express Tribune | B20: 1.495873 | C20: 0.620766 | D20: 1.7 | E20: 1 | F20: 1.009196 | G20: 1.439434 | H20: 0.675031 | I20: 1.971488 | J20: 2.839953 | K20: 2.256225 | L20: 1.237137 | M20: 1.471249 | N20: 1.596752 | O20: 1.200208 | P20: 2.283781 | Q20: 1.298374 | R20: 1.239839 | S20: 0.9905 | T20: 0.883215 | U20: 2.068274 | V20: 1.363858 | W20: 1.884199 | X20: 1.972792 | Y20: 1.618042 | Z20: 1.485076 | AA20: 1.136699 | AB20: 1.080215 | AC20: 1.257793 | AD20: 1.308056 | AE20: 1.472912 | AF20: 2.691965 | AG20: 2.894302 | AH20: 1.44 | AI20: 1.341708 | AJ20: 2.055301 | AK20: 2.403456 | AL20: 0.930755 | AM20: 1.485433 | AN20: 1.74 | AO20: 1.777371 | AP20: 2.506459 | AQ20: 3.49 | AR20: ='Tribune-Khi'!DM40-'Tribune-Khi'!DM39 -> 8249 | AS20: ='Tribune-Khi'!DN40-'Tribune-Khi'!DN39 -> 5886 | AT20: ='Tribune-Khi'!DO40-'Tribune-Khi'!DO39 -> 5695 | AU20: ='Tribune-Khi'!DP40-'Tribune-Khi'!DP39 -> 6382 | AV20: ='Tribune-Khi'!DQ40-'Tribune-Khi'!DQ39 -> 44572 | AW20: ='Tribune-Khi'!DR40-'Tribune-Khi'!DR39 -> 8577 | AX20: ='Tribune-Khi'!DS40-'Tribune-Khi'!DS39 -> 7158 | AY20: ='Tribune-Khi'!DT40-'Tribune-Khi'!DT39 -> 6605 | ... BC20: ='Tribune-Khi'!DX40-'Tribune-Khi'!DX39 -> 3035 | BE20: =SUM(OFFSET(BE20,0,-1,):OFFSET(BE20,0,-12)) -> 107057
A21: % of Dawn | B21: =IFERROR(B20/B17,"") -> 0.50683472 | C21: =IFERROR(C20/C17,"") -> 0.31815358 | D21: =IFERROR(D20/D17,"") -> 0.48571429 | E21: =IFERROR(E20/E17,"") -> 0.58823529 | F21: =IFERROR(F20/F17,"") -> 0.21207496 | G21: =IFERROR(G20/G17,"") -> 0.38802599 | H21: =IFERROR(H20/H17,"") -> 0.24210392 | I21: =IFERROR(I20/I17,"") -> 0.52527923 | ... BC21: =IFERROR(BC20/BC17,"") -> 0.23287041 | BE21: =IFERROR(BE19/BE17,"") -> 0.40887863
A22: % of News | B22: =IFERROR(B20/B18,"") -> 3.9564672 | C22: =IFERROR(C20/C18,"") -> 1.8295922 | D22: =IFERROR(D20/D18,"") -> 2.4285714 | E22: =IFERROR(E20/E18,"") -> 2 | F22: =IFERROR(F20/F18,"") -> 0.80913495 | G22: =IFERROR(G20/G18,"") -> 1.0497837 | H22: =IFERROR(H20/H18,"") -> 0.55078853 | I22: =IFERROR(I20/I18,"") -> 2.5694673 | ... BC22: =IFERROR(BC20/BC18,"") -> 0.25012362 | BE22: =IFERROR(BE20/BE18,"") -> 0.65976643
A23: % Market share | B23: =IFERROR(B20/(SUM(B17:B20)),"") -> 0.25112782 | C23: =IFERROR(C20/(SUM(C17:C20)),"") -> 0.1891067 | D23: =IFERROR(D20/(SUM(D17:D20)),"") -> 0.22972973 | E23: =IFERROR(E20/(SUM(E17:E20)),"") -> 0.24390244 | F23: =IFERROR(F20/(SUM(F17:F20)),"") -> 0.13582196 | G23: =IFERROR(G20/(SUM(G17:G20)),"") -> 0.19973796 | H23: =IFERROR(H20/(SUM(H17:H20)),"") -> 0.13519667 | I23: =IFERROR(I20/(SUM(I17:I20)),"") -> 0.27919053 | ... BC23: =IFERROR(BC20/(SUM(BC17:BC20)),"") -> 0.090338135 | BE23: =IFERROR(BE20/(SUM(BE17:BE20)),"") -> 0.22678973
A26: SINDHI DAILIES
A27: Kawish | B27: 0.568458 | C27: 0.131592 | D27: 0.32 | E27: 0.21 | F27: 0.360929 | G27: 0.566037 | H27: 0.149187 | I27: 0.066164 | J27: 0.242892 | K27: 0.177932 | L27: 0.147283 | M27: 0.500965 | N27: 0.22605 | O27: 0.191929 | P27: 0.131772 | Q27: 0.204213 | R27: 0.220997 | S27: 0.543918 | T27: 0.501934 | U27: 0.405713 | V27: 0.430936 | W27: 0.22022 | X27: 0.452329 | Y27: 0.972511 | Z27: 0.294863 | AA27: 0.364751 | AB27: 0.128358 | AC27: 0.105244 | AD27: 0.061173 | AE27: 0.366571 | AF27: 0.750142 | AG27: 0.644441 | AH27: 0.39 | AI27: 0.501509 | AJ27: 0.522569 | AK27: 2.003413 | AL27: 0.955909 | AM27: 0.171358 | AN27: 0.52 | AO27: 0.492872 | AP27: 0.710123 | AQ27: 0.98 | AR27: 503 | AS27: 1005 | AT27: 1458 | AU27: 554 | AV27: 976 | AW27: 2477 | AX27: 1217 | AY27: 646 | AZ27: 992 | BA27: 1314 | BB27: 1094 | BC27: 84 | BE27: =SUM(OFFSET(BE27,0,-1,):OFFSET(BE27,0,-12)) -> 11817
A28: Ibrat | B28: 0.119025 | C28: 0.082362 | D28: 0.1 | E28: 0.06 | F28: 0.015 | G28: 0.163628 | H28: 0.026332 | I28: 0.172764 | J28: 0.211 | K28: 0.030904 | L28: 0.171682 | M28: 0.213522 | N28: 0.277668 | O28: 0.093452 | P28: 0.256038 | Q28: 0.231577 | R28: 0.818947 | S28: 0.572997 | T28: 0.378809 | U28: 0.330581 | V28: 0.499636 | W28: 0.334334 | X28: 0.184537 | Y28: 0.371951 | Z28: 0.151406 | AA28: 0.290994 | AB28: 0.215576 | AC28: 0.19907 | AD28: 0.173593 | AE28: 0.352064 | AF28: 0.277132 | AG28: 0.273919 | AH28: 0.26 | AI28: 0.224841 | AJ28: 0.155372 | AK28: 0.254527 | AL28: 0.130441 | AM28: 0.104538 | AN28: 0.37 | AO28: 0.193015 | AP28: 0.240804 | AQ28: 0.163027 | AR28: 220 | AS28: 0 | AT28: 92 | AU28: 60 | AV28: 0 | AW28: 942 | AX28: 246 | AY28: 30 | AZ28: 897 | BA28: 564 | BB28: 0 | BC28: 0 | BE28: =SUM(OFFSET(BE28,0,-1,):OFFSET(BE28,0,-12)) -> 2831
A29: Awami Awaz | B29: 0.206626 | C29: 0.190701 | D29: 0.44 | E29: 0.22 | F29: 0.55539 | G29: 0.17834 | H29: 0.181239 | I29: 0.621684 | J29: 0.248061 | K29: 0.32728 | L29: 0.316563 | M29: 0.555493 | N29: 0.865953 | O29: 0.401424 | P29: 0.4259 | Q29: 0.458726 | R29: 0.714839 | S29: 0.543918 | T29: 0.228794 | U29: 0.405967 | V29: 0.458566 | W29: 0.543927 | X29: 0.581093 | Y29: 0.65522 | Z29: 0.29148 | AA29: 0.19998 | AB29: 0.347707 | AC29: 0.458333 | AD29: 0.20288 | AE29: 0.448346 | AF29: 0.627533 | AG29: 0.503226 | AH29: 0.431953 | AI29: 0.375763 | AJ29: 0.54118 | AK29: 0.62488 | AL29: 0.25591 | AM29: 0.364249 | AN29: 0.44 | AO29: 0.15536 | AP29: 0.257733 | AQ29: 0.2 | AR29: 170 | AS29: 456 | AT29: 273 | AU29: 108 | AV29: 408 | AW29: 856 | AX29: 486 | AY29: 214 | AZ29: 1142 | BA29: 626 | BB29: 603 | BC29: 504 | BE29: =SUM(OFFSET(BE29,0,-1,):OFFSET(BE29,0,-12)) -> 5676
A30: Sobh | AE30: 0 | BE30: =SUM(OFFSET(BE30,0,-1,):OFFSET(BE30,0,-12)) -> 0
A31: Sindh Express | B31: 0.01 | C31: 0 | D31: 0.05 | E31: 0 | F31: 0.02 | G31: 0.042606 | H31: 0.091 | I31: 0.263634 | K31: 0.087747 | L31: 0.05 | M31: 0.054 | N31: 0.054 | O31: 0.06 | P31: 0 | Q31: 0.051227 | R31: 0.054 | S31: 0 | T31: 0 | U31: 0 | V31: 0.126802 | W31: 0.008115 | X31: 0.06 | Y31: 0 | Z31: 0 | AA31: 0 | AB31: 0 | AC31: 0.01 | AD31: 0 | AE31: 0.015216 | AF31: 0.128 | AG31: 0.028 | AH31: 0.05 | AI31: 0 | AJ31: 0 | AK31: 0.109606 | AL31: 0 | AM31: 0.013 | AN31: 0.02 | AO31: 0.086 | AP31: 0.016 | AQ31: 0 | AR31: 0 | AS31: 0 | AT31: 0 | AU31: 0 | AV31: 0 | AW31: 168 | AX31: 60 | AY31: 45 | AZ31: 0 | BA31: 0 | BB31: 0 | BC31: 0 | BE31: =SUM(OFFSET(BE31,0,-1,):OFFSET(BE31,0,-12)) -> 273
A32: % of Kawish | B32: =IFERROR(B31/B27,"") -> 0.017591449 | C32: =IFERROR(C31/C27,"") -> 0 | D32: =IFERROR(D31/D27,"") -> 0.15625 | E32: =IFERROR(E31/E27,"") -> 0 | F32: =IFERROR(F31/F27,"") -> 0.05541256 | G32: =IFERROR(G31/G27,"") -> 0.075270698 | H32: =IFERROR(H31/H27,"") -> 0.60997272 | I32: =IFERROR(I31/I27,"") -> 3.9845535 | ... BC32: =IFERROR(BC31/BC27,"") -> 0 | BE32: =IFERROR(BE31/BE27,"") -> 0.02310231
A33: % Market share | B33: =IFERROR(B31/(SUM(B27:B31)),"") -> 0.011060613 | C33: =IFERROR(C31/(SUM(C27:C31)),"") -> 0 | D33: =IFERROR(D31/(SUM(D27:D31)),"") -> 0.054945055 | E33: =IFERROR(E31/(SUM(E27:E31)),"") -> 0 | F33: =IFERROR(F31/(SUM(F27:F31)),"") -> 0.021023442 | G33: =IFERROR(G31/(SUM(G27:G31)),"") -> 0.044819595 | H33: =IFERROR(H31/(SUM(H27:H31)),"") -> 0.20323478 | I33: =IFERROR(I31/(SUM(I27:I31)),"") -> 0.2344985 | ... BC33: =IFERROR(BC31/(SUM(BC27:BC31)),"") -> 0 | BE33: =IFERROR(BE31/(SUM(BE27:BE31)),"") -> 0.013254357
A36: Grading
A37: Total /Highest
A38: Medium (50% of Total)
A39: Lowest

Sheet LHE-CM
A1: Commercial Volum - LHE
A2: From 01/01/2021 To 05/8/2025
A4: Number in Cms
B5: Jan'21 | C5: Feb'21 | D5: Mar'21 | E5: Apr'21 | F5: May'21 | G5: Jun'21 | H5: Jul'21 | I5: Aug'21 | J5: Sep'21 | K5: Oct'21 | L5: Nov'21 | M5: Dec'21 | N5: Jan'22 | O5: Feb'22 | P5: Mar'22 | Q5: Apr'22 | R5: May'22 | S5: Jun'22 | T5: Jul'22 | U5: Aug'22 | V5: Sep'22 | W5: Oct'22 | X5: Nov'22 | Y5: Dec'22 | Z5: Jan'23 | AA5: Feb'23 | AB5: Mar'23 | AC5: Apr'23 | AD5: May'23 | AE5: Jun'23 | AF5: Jul'23 | AG5: Aug'23 | AH5: Sep'23 | AI5: Oct'23 | AJ5: Nov'23 | AK5: Dec'23 | AL5: Jan'24 | AM5: Feb'24 | AN5: Mar'24 | AO5: Apr'24 | AP5: May'24 | AQ5: Jun'24 | AR5: Jul'24 | AS5: Aug'24 | AT5: Sep'24 | AU5: Oct'24 | AV5: Nov'24 | AW5: Dec'24 | AX5: Jan'25 | AY5: Feb'25 | AZ5: Mar'25 | BA5: Apr'25 | BB5: May'25 | BC5: Jun'25 | BD5: 1-15-Jul'25 | BE5: TOTAL
A6: URDU DAILIES
A7: Jang | B7: 1.674644 | C7: 1.134093 | D7: 1.2 | E7: 0.4 | F7: 0.829423 | G7: 0.69518 | H7: 0.818567 | I7: 0.700689 | J7: 1.838118 | K7: 1.726094 | L7: 2.430416 | M7: 7.451894 | N7: 4.676241 | O7: 1.958768 | P7: 0.474071 | Q7: 1.621023 | R7: 2.979085 | S7: 2.695308 | T7: 2.230444 | U7: 2.215453 | V7: 4.223681 | W7: 3.38231 | X7: 2.969672 | Y7: 4.52988 | Z7: 3.435362 | AA7: 3.528001 | AB7: 2.564322 | AC7: 3.329073 | AD7: 2.306122 | AE7: 4.299891 | AF7: 5.081638 | AG7: 4.255771 | AH7: 5.47 | AI7: 2.333933 | AJ7: 1.353246 | AK7: 3.48236 | AL7: 3.343499 | AM7: 1.385956 | AN7: 4.47 | AO7: 3.878412 | AP7: 6.168919 | AQ7: 6.52 | AR7: ='Express-Lhr'!AS12-'Express-Lhr'!AS11 -> 24727 | AS7: ='Express-Lhr'!AT12-'Express-Lhr'!AT11 -> 19430 | AT7: ='Express-Lhr'!AU12-'Express-Lhr'!AU11 -> 21220 | AU7: ='Express-Lhr'!AV12-'Express-Lhr'!AV11 -> 14745 | AV7: ='Express-Lhr'!AW12-'Express-Lhr'!AW11 -> 17591 | AW7: ='Express-Lhr'!AX12-'Express-Lhr'!AX11 -> 15617 | AX7: ='Express-Lhr'!AY12-'Express-Lhr'!AY11 -> 19902 | AY7: ='Express-Lhr'!AZ12-'Express-Lhr'!AZ11 -> 65072 | ... BC7: ='Express-Lhr'!BD12-'Express-Lhr'!BD11 -> 16209 | BE7: =SUM(OFFSET(BE7,0,-1,):OFFSET(BE7,0,-12)) -> 237973
A8: Nawa-e-Waqt | B8: 1.708733 | C8: 1.548272 | D8: 1.6 | E8: 1.2 | F8: 1.363317 | G8: 2.265465 | H8: 1.686868 | I8: 2.548981 | J8: 2.403331 | K8: 2.717983 | L8: 3.354585 | M8: 3.880864 | N8: 2.050744 | O8: 1.499841 | P8: 4.582111 | Q8: 1.844508 | R8: 1.227479 | S8: 1.788467 | T8: 1.598613 | U8: 0.86029 | V8: 1.29939 | W8: 1.765011 | X8: 2.312933 | Y8: 2.157249 | Z8: 1.346448 | AA8: 1.17567 | AB8: 1.528008 | AC8: 1.547123 | AD8: 0.995743 | AE8: 1.193124 | AF8: 1.534012 | AG8: 1.934749 | AH8: 1.66 | AI8: 1.608455 | AJ8: 1.224948 | AK8: 1.214237 | AL8: 0.879106 | AM8: 0.743141 | AN8: 1.31 | AO8: 2.567525 | AP8: 2.443531 | AQ8: 1.5 | AR8: ='Express-Lhr'!AS19-'Express-Lhr'!AS18 -> 6887 | AS8: ='Express-Lhr'!AT19-'Express-Lhr'!AT18 -> 7722 | AT8: ='Express-Lhr'!AU19-'Express-Lhr'!AU18 -> 23480 | AU8: ='Express-Lhr'!AV19-'Express-Lhr'!AV18 -> 30835 | AV8: ='Express-Lhr'!AW19-'Express-Lhr'!AW18 -> 9237 | AW8: ='Express-Lhr'!AX19-'Express-Lhr'!AX18 -> 8412 | AX8: ='Express-Lhr'!AY19-'Express-Lhr'!AY18 -> 9577 | AY8: ='Express-Lhr'!AZ19-'Express-Lhr'!AZ18 -> 60139 | ... BC8: ='Express-Lhr'!BD19-'Express-Lhr'!BD18 -> 6522 | BE8: =SUM(OFFSET(BE8,0,-1,):OFFSET(BE8,0,-12)) -> 192763
A9: Dunya | B9: 0.983151 | C9: 0.687927 | D9: 1.1 | E9: 1.1 | F9: 0.64205 | G9: 0.692239 | H9: 0.462874 | I9: 0.984827 | J9: 0.610419 | K9: 0.849336 | L9: 1.946043 | M9: 1.556102 | N9: 1.473781 | O9: 1.625982 | P9: 2.564228 | Q9: 1.621023 | R9: 1.393219 | S9: 0.960309 | T9: 0.980863 | U9: 0.998809 | V9: 0.972884 | W9: 1.964326 | X9: 0.962855 | Y9: 1.366251 | Z9: 1.082591 | AA9: 1.007047 | AB9: 1.405013 | AC9: 1.348179 | AD9: 0.967989 | AE9: 1.0626 | AF9: 1.70929 | AG9: 1.447977 | AH9: 1.43 | AI9: 1.158076 | AJ9: 1.17864 | AK9: 1.410666 | AL9: 2.596798 | AM9: 1.950165 | AN9: 1.22 | AO9: 1.197149 | AP9: 0.889671 | AQ9: 1.16 | AR9: ='Express-Lhr'!AS26-'Express-Lhr'!AS25 -> 10082 | AS9: ='Express-Lhr'!AT26-'Express-Lhr'!AT25 -> 12417 | AT9: ='Express-Lhr'!AU26-'Express-Lhr'!AU25 -> 17503 | AU9: ='Express-Lhr'!AV26-'Express-Lhr'!AV25 -> 9737 | AV9: ='Express-Lhr'!AW26-'Express-Lhr'!AW25 -> 10065 | AW9: ='Express-Lhr'!AX26-'Express-Lhr'!AX25 -> 5722 | AX9: ='Express-Lhr'!AY26-'Express-Lhr'!AY25 -> 7327 | AY9: ='Express-Lhr'!AZ26-'Express-Lhr'!AZ25 -> 85671 | ... BC9: ='Express-Lhr'!BD26-'Express-Lhr'!BD25 -> 8508 | BE9: =SUM(OFFSET(BE9,0,-1,):OFFSET(BE9,0,-12)) -> 189919
A10: Express | B10: 2.10734 | C10: 1.466788 | D10: 1.3 | E10: 1.7 | F10: 2.606932 | G10: 3.488 | H10: 3.965938 | I10: 5.46157 | J10: 7.149112 | K10: 7.580156 | L10: 7.078437 | M10: 3.254309 | N10: 5.232851 | O10: 4.244954 | P10: 4.163333 | Q10: 3.551235 | R10: 2.653048 | S10: 2.255641 | T10: 3.583345 | U10: 1.95013 | V10: 2.272535 | W10: 3.931319 | X10: 2.99798 | Y10: 3.17717 | Z10: 2.566577 | AA10: 2.460318 | AB10: 2.075771 | AC10: 3.064812 | AD10: 2.795624 | AE10: 3.795782 | AF10: 4.317442 | AG10: 3.675272 | AH10: 4.84 | AI10: 1.913348 | AJ10: 2.257623 | AK10: 1.780386 | AL10: 1.892795 | AM10: 1.52705 | AN10: 3.57 | AO10: 2.644194 | AP10: 2.970484 | AQ10: 3.55 | AR10: ='Express-Lhr'!AS33-'Express-Lhr'!AS32 -> 7909 | AS10: ='Express-Lhr'!AT33-'Express-Lhr'!AT32 -> 9764 | AT10: ='Express-Lhr'!AU33-'Express-Lhr'!AU32 -> 9486 | AU10: ='Express-Lhr'!AV33-'Express-Lhr'!AV32 -> 6208 | AV10: ='Express-Lhr'!AW33-'Express-Lhr'!AW32 -> 5252 | AW10: ='Express-Lhr'!AX33-'Express-Lhr'!AX32 -> 3980 | AX10: ='Express-Lhr'!AY33-'Express-Lhr'!AY32 -> 4211 | AY10: ='Express-Lhr'!AZ33-'Express-Lhr'!AZ32 -> 57498 | ... BC10: ='Express-Lhr'!BD33-'Express-Lhr'!BD32 -> 8008 | BE10: =SUM(OFFSET(BE10,0,-1,):OFFSET(BE10,0,-12)) -> 122694
A11: % of Jang | B11: =IFERROR(B10/B7,"") -> 1.2583809 | C11: =IFERROR(C10/C7,"") -> 1.2933578 | D11: =IFERROR(D10/D7,"") -> 1.0833333 | E11: =IFERROR(E10/E7,"") -> 4.25 | F11: =IFERROR(F10/F7,"") -> 3.1430669 | G11: =IFERROR(G10/G7,"") -> 5.0174056 | H11: =IFERROR(H10/H7,"") -> 4.8449766 | I11: =IFERROR(I10/I7,"") -> 7.7945708 | ... BC11: =IFERROR(BC10/BC7,"") -> 0.49404652 | BE11: =BE10/BE7 -> 0.5155795
A12: Dunya %of Express | B12: =IFERROR(B9/B10,"") -> 0.46653649 | C12: =IFERROR(C9/C10,"") -> 0.46900234 | D12: =IFERROR(D9/D10,"") -> 0.84615385 | E12: =IFERROR(E9/E10,"") -> 0.64705882 | F12: =IFERROR(F9/F10,"") -> 0.24628567 | G12: =IFERROR(G9/G10,"") -> 0.19846302 | H12: =IFERROR(H9/H10,"") -> 0.11671236 | I12: =IFERROR(I9/I10,"") -> 0.1803194 | ... BC12: =IFERROR(BC9/BC10,"") -> 1.0624376 | BE12: =BE9/BE10 -> 1.5479078
A13: % Market share | B13: =IFERROR(B10/(SUM(B7:B10)),"") -> 0.32551482 | C13: =IFERROR(C10/(SUM(C7:C10)),"") -> 0.30323832 | D13: =IFERROR(D10/(SUM(D7:D10)),"") -> 0.25 | E13: =IFERROR(E10/(SUM(E7:E10)),"") -> 0.38636364 | F13: =IFERROR(F10/(SUM(F7:F10)),"") -> 0.4790638 | G13: =IFERROR(G10/(SUM(G7:G10)),"") -> 0.48845493 | H13: =IFERROR(H10/(SUM(H7:H10)),"") -> 0.57193492 | I13: =IFERROR(I10/(SUM(I7:I10)),"") -> 0.56327684 | ... BC13: =IFERROR(BC10/(SUM(BC7:BC10)),"") -> 0.20404107 | BE13: =IFERROR(BE10/(SUM(BE7:BE10)),0) -> 0.16505571
A16: ENGLISH DAILIES
A17: Dawn | B17: 2.077035 | C17: 0.693126 | D17: 0.8 | E17: 0.7 | F17: 0.825879 | G17: 0.85063 | H17: 0.938671 | I17: 1.152571 | J17: 0.78869 | K17: 1.277866 | L17: 1.922894 | M17: 2.625279 | N17: 2.809245 | O17: 2.206131 | P17: 2.314639 | Q17: 1.895258 | R17: 1.267343 | S17: 1.004879 | T17: 1.612534 | U17: 0.861299 | V17: 2.208561 | W17: 2.150536 | X17: 1.766288 | Y17: 3.230731 | Z17: 2.441835 | AA17: 2.56086 | AB17: 2.056548 | AC17: 1.829615 | AD17: 1.67874 | AE17: 3.012449 | AF17: 1.037159 | AG17: 2.331784 | AH17: 2.1 | AI17: 1.362783 | AJ17: 0.974929 | AK17: 2.512368 | AL17: 2.25752 | AM17: 0.940824 | AN17: 1.45 | AO17: 2.6339 | AP17: 3.939728 | AQ17: 4.1 | AR17: ='Tribune-Lhr'!DM12-'Tribune-Lhr'!DM11 -> 5406 | AS17: ='Tribune-Lhr'!DN12-'Tribune-Lhr'!DN11 -> 5287 | AT17: ='Tribune-Lhr'!DO12-'Tribune-Lhr'!DO11 -> 5000 | AU17: ='Tribune-Lhr'!DP12-'Tribune-Lhr'!DP11 -> 8402 | AV17: ='Tribune-Lhr'!DQ12-'Tribune-Lhr'!DQ11 -> 4501 | AW17: ='Tribune-Lhr'!DR12-'Tribune-Lhr'!DR11 -> 5159 | AX17: ='Tribune-Lhr'!DS12-'Tribune-Lhr'!DS11 -> 2613 | AY17: ='Tribune-Lhr'!DT12-'Tribune-Lhr'!DT11 -> 3285 | ... BC17: ='Tribune-Lhr'!DX12-'Tribune-Lhr'!DX11 -> 4740 | BE17: =SUM(OFFSET(BE17,0,-1,):OFFSET(BE17,0,-12)) -> 52608
A18: The News | B18: 1.015838 | C18: 0.447064 | D18: 0.7 | E18: 0.3 | F18: 0.615428 | G18: 0.894708 | H18: 0.520385 | I18: 0.58244 | J18: 0.980306 | K18: 1.155624 | L18: 1.617784 | M18: 1.684668 | N18: 1.595042 | O18: 1.190958 | P18: 0.369729 | Q18: 1.031451 | R18: 1.946386 | S18: 1.451591 | T18: 1.706103 | U18: 0.946625 | V18: 1.320779 | W18: 1.820571 | X18: 1.76463 | Y18: 1.868868 | Z18: 1.7708 | AA18: 1.780046 | AB18: 2.025713 | AC18: 3.103997 | AD18: 2.629321 | AE18: 2.98566 | AF18: 3.75845 | AG18: 3.410989 | AH18: 2.64 | AI18: 1.664986 | AJ18: 1.869881 | AK18: 1.540553 | AL18: 2.307651 | AM18: 1.571226 | AN18: 2.34 | AO18: 1.991182 | AP18: 2.864557 | AQ18: 3.06 | AR18: ='Tribune-Lhr'!DM19-'Tribune-Lhr'!DM18 -> 7407 | AS18: ='Tribune-Lhr'!DN19-'Tribune-Lhr'!DN18 -> 7100 | AT18: ='Tribune-Lhr'!DO19-'Tribune-Lhr'!DO18 -> 7122 | AU18: ='Tribune-Lhr'!DP19-'Tribune-Lhr'!DP18 -> 9907 | AV18: ='Tribune-Lhr'!DQ19-'Tribune-Lhr'!DQ18 -> 9183 | AW18: ='Tribune-Lhr'!DR19-'Tribune-Lhr'!DR18 -> 5891 | AX18: ='Tribune-Lhr'!DS19-'Tribune-Lhr'!DS18 -> 4671 | AY18: ='Tribune-Lhr'!DT19-'Tribune-Lhr'!DT18 -> 42476 | ... BC18: ='Tribune-Lhr'!DX19-'Tribune-Lhr'!DX18 -> 6926 | BE18: =SUM(OFFSET(BE18,0,-1,):OFFSET(BE18,0,-12)) -> 107792
A19: The Nation | B19: 0.5721 | C19: 0.686523 | D19: 0.7 | E19: 0.7 | F19: 0.657941 | G19: 0.646003 | H19: 0.717666 | I19: 1.1188 | J19: 1.002515 | K19: 1.051892 | L19: 2.012349 | M19: 1.459464 | N19: 1.18651 | O19: 0.985547 | P19: 1.065052 | Q19: 0.685299 | R19: 0.931515 | S19: 0.820899 | T19: 0.398634 | U19: 0.446088 | V19: 0.777011 | W19: 0.857143 | X19: 0.59883 | Y19: 1.150915 | Z19: 1.018159 | AA19: 0.848015 | AB19: 0.732052 | AC19: 0.706019 | AD19: 0.729216 | AE19: 0.580001 | AF19: 0.863576 | AG19: 0.994451 | AH19: 1.09 | AI19: 0.688419 | AJ19: 1.152294 | AK19: 0.8876 | AL19: 0.859744 | AM19: 0.637383 | AN19: 1.06 | AO19: 0.913016 | AP19: 0.729158 | AQ19: 0.66 | AR19: ='Tribune-Lhr'!DM26-'Tribune-Lhr'!DM25 -> 2175 | AS19: ='Tribune-Lhr'!DN26-'Tribune-Lhr'!DN25 -> 2638 | AT19: ='Tribune-Lhr'!DO26-'Tribune-Lhr'!DO25 -> 1893 | AU19: ='Tribune-Lhr'!DP26-'Tribune-Lhr'!DP25 -> 18684 | AV19: ='Tribune-Lhr'!DQ26-'Tribune-Lhr'!DQ25 -> 5182 | AW19: ='Tribune-Lhr'!DR26-'Tribune-Lhr'!DR25 -> 4045 | AX19: ='Tribune-Lhr'!DS26-'Tribune-Lhr'!DS25 -> 2593 | AY19: ='Tribune-Lhr'!DT26-'Tribune-Lhr'!DT25 -> 42744 | ... BC19: ='Tribune-Lhr'!DX26-'Tribune-Lhr'!DX25 -> 1369 | BE19: =SUM(OFFSET(BE19,0,-1,):OFFSET(BE19,0,-12)) -> 90721
A20: Express Tribune | B20: 0.716998 | C20: 0.460985 | D20: 1 | E20: 0.8 | F20: 0.957618 | G20: 1.834076 | H20: 1.759153 | I20: 2.363142 | J20: 2.276322 | K20: 2.749958 | L20: 3.214829 | M20: 3.355611 | N20: 1.783712 | O20: 0.635453 | P20: 1.474434 | Q20: 0.847379 | R20: 0.458247 | S20: 0.52169 | T20: 0.309791 | U20: 0.209091 | V20: 1.024326 | W20: 1.268963 | X20: 1.412979 | Y20: 1.647416 | Z20: 0.98158 | AA20: 0.893225 | AB20: 0.80398 | AC20: 0.876657 | AD20: 1.226509 | AE20: 1.003441 | AF20: 4.317442 | AG20: 1.816075 | AH20: 1.32 | AI20: 1.608692 | AJ20: 1.851869 | AK20: 1.803211 | AL20: 2.572381 | AM20: 1.582041 | AN20: 1.84 | AO20: 1.337357 | AP20: 2.162515 | AQ20: 1.85 | AR20: ='Tribune-Lhr'!DM40-'Tribune-Lhr'!DM39 -> 3062 | AS20: ='Tribune-Lhr'!DN40-'Tribune-Lhr'!DN39 -> 4507 | AT20: ='Tribune-Lhr'!DO40-'Tribune-Lhr'!DO39 -> 4014 | AU20: ='Tribune-Lhr'!DP40-'Tribune-Lhr'!DP39 -> 2471 | AV20: ='Tribune-Lhr'!DQ40-'Tribune-Lhr'!DQ39 -> 970 | AW20: ='Tribune-Lhr'!DR40-'Tribune-Lhr'!DR39 -> 974 | AX20: ='Tribune-Lhr'!DS40-'Tribune-Lhr'!DS39 -> 1075 | AY20: ='Tribune-Lhr'!DT40-'Tribune-Lhr'!DT39 -> 39664 | ... BC20: ='Tribune-Lhr'!DX40-'Tribune-Lhr'!DX39 -> 4581 | BE20: =SUM(OFFSET(BE20,0,-1,):OFFSET(BE20,0,-12)) -> 62413
A21: % of Dawn | B21: =IFERROR(B20/B17,"") -> 0.34520266 | C21: =IFERROR(C20/C17,"") -> 0.6650811 | D21: =IFERROR(D20/D17,"") -> 1.25 | E21: =IFERROR(E20/E17,"") -> 1.1428571 | F21: =IFERROR(F20/F17,"") -> 1.1595137 | G21: =IFERROR(G20/G17,"") -> 2.1561384 | H21: =IFERROR(H20/H17,"") -> 1.874089 | I21: =IFERROR(I20/I17,"") -> 2.0503223 | ... BC21: =IFERROR(BC20/BC17,"") -> 0.9664557 | BE21: =BE20/BE17 -> 1.1863785
A22: % of News | B22: =IFERROR(B20/B18,"") -> 0.70581923 | C22: =IFERROR(C20/C18,"") -> 1.0311387 | D22: =IFERROR(D20/D18,"") -> 1.4285714 | E22: =IFERROR(E20/E18,"") -> 2.6666667 | F22: =IFERROR(F20/F18,"") -> 1.5560196 | G22: =IFERROR(G20/G18,"") -> 2.0499157 | H22: =IFERROR(H20/H18,"") -> 3.3804837 | I22: =IFERROR(I20/I18,"") -> 4.0573141 | ... BC22: =IFERROR(BC20/BC18,"") -> 0.66142073 | BE22: =+BE20/BE18 -> 0.57901328
A23: % Market share | B23: =IFERROR(B20/(SUM(B17:B20)),"") -> 0.16362454 | C23: =IFERROR(C20/(SUM(C17:C20)),"") -> 0.20150606 | D23: =IFERROR(D20/(SUM(D17:D20)),"") -> 0.3125 | E23: =IFERROR(E20/(SUM(E17:E20)),"") -> 0.32 | F23: =IFERROR(F20/(SUM(F17:F20)),"") -> 0.3132679 | G23: =IFERROR(G20/(SUM(G17:G20)),"") -> 0.43405799 | H23: =IFERROR(H20/(SUM(H17:H20)),"") -> 0.44695347 | I23: =IFERROR(I20/(SUM(I17:I20)),"") -> 0.4529736 | ... BC23: =IFERROR(BC20/(SUM(BC17:BC20)),"") -> 0.26004768 | BE23: =IFERROR(BE20/(SUM(BE17:BE20)),0) -> 0.19906294
A26: Grading
A27: Total /Highest
A28: Medium (50% of Total)
A29: Lowest

Sheet ISB-CM
A1: Commercial Volum - ISB
A2: From 01/01/2021 To 05/8/2025
A4: Number in Cms
B5: Jan'21 | C5: Feb'21 | D5: Mar'21 | E5: Apr'21 | F5: May'21 | G5: Jun'21 | H5: Jul'21 | I5: Aug'21 | J5: Sep'21 | K5: Oct'21 | L5: Nov'21 | M5: Dec'21 | N5: Jan'22 | O5: Feb'22 | P5: Mar'22 | Q5: Apr'22 | R5: May'22 | S5: Jun'22 | T5: Jul'22 | U5: Aug'22 | V5: Sep'22 | W5: Oct'22 | X5: Nov'22 | Y5: Dec'22 | Z5: Jan'23 | AA5: Feb'23 | AB5: Mar'23 | AC5: Apr'23 | AD5: May'23 | AE5: Jun'23 | AF5: Jul'23 | AG5: Aug'23 | AH5: Sep'23 | AI5: Oct'23 | AJ5: Nov'23 | AK5: Dec'23 | AL5: Jan'24 | AM5: Feb'24 | AN5: Mar'24 | AO5: Apr'24 | AP5: May'24 | AQ5: Jun'24 | AR5: Jul'24 | AS5: Aug'24 | AT5: Sep'24 | AU5: Oct'24 | AV5: Nov'24 | AW5: Dec'24 | AX5: Jan'25 | AY5: Feb'25 | AZ5: Mar'25 | BA5: Apr'25 | BB5: May'25 | BC5: Jun'25 | BD5: 1-15-Jul'25 | BE5: TOTAL
A6: URDU DAILIES
A7: Jang | B7: 11.56669 | C7: 8.152001 | D7: 6.4 | E7: 3.8 | F7: 9.533213 | G7: 7.153599 | H7: 8.527332 | I7: 9.06303 | J7: 6.781493 | K7: 7.58376 | L7: 8.752046 | M7: 16.858305 | N7: 13.688008 | O7: 9.244538 | P7: 2.299236 | Q7: 5.28185 | R7: 16.972768 | S7: 12.465034 | T7: 10.37162 | U7: 19.52449 | V7: 21.116326 | W7: 13.953009 | X7: 13.281499 | Y7: 13.705052 | Z7: 14.876797 | AA7: 15.643506 | AB7: 20.61462 | AC7: 22.952087 | AD7: 21.257939 | AE7: 15.9305 | AF7: 15.732504 | AG7: 23.538417 | AH7: 13.75 | AI7: 10.777925 | AJ7: 12.322546 | AK7: 17.735392 | AL7: 8.873706 | AM7: 9.459412 | AN7: 18.69 | AO7: 18.800617 | AP7: 26.661437 | AQ7: 20.04 | AR7: ='Express-Isl'!AS12-'Express-Isl'!AS11 -> 10784 | AS7: ='Express-Isl'!AT12-'Express-Isl'!AT11 -> 10768 | AT7: ='Express-Isl'!AU12-'Express-Isl'!AU11 -> 11599 | AU7: ='Express-Isl'!AV12-'Express-Isl'!AV11 -> 6916 | AV7: ='Express-Isl'!AW12-'Express-Isl'!AW11 -> 4650 | AW7: ='Express-Isl'!AX12-'Express-Isl'!AX11 -> 8220 | AX7: ='Express-Isl'!AY12-'Express-Isl'!AY11 -> 8432 | AY7: ='Express-Isl'!AZ12-'Express-Isl'!AZ11 -> 4818 | ... BC7: ='Express-Isl'!BD12-'Express-Isl'!BD11 -> 9179 | BE7: =SUM(OFFSET(BE7,0,-1,):OFFSET(BE7,0,-12)) -> 82603
A8: Nawa-e-Waqt | B8: 4.196215 | C8: 4.922959 | D8: 4.3 | E8: 5 | F8: 4.976188 | G8: 4.770314 | H8: 4.826027 | I8: 8.658701 | J8: 4.361064 | K8: 5.505766 | L8: 5.071066 | M8: 9.142327 | N8: 6.270446 | O8: 5.239544 | P8: 12.612795 | Q8: 5.702086 | R8: 8.387376 | S8: 3.809398 | T8: 3.006963 | U8: 7.349789 | V8: 7.641558 | W8: 6.279013 | X8: 5.348485 | Y8: 4.437007 | Z8: 6.161142 | AA8: 4.552149 | AB8: 6.356522 | AC8: 6.207619 | AD8: 6.910714 | AE8: 4.337298 | AF8: 4.510186 | AG8: 6.335025 | AH8: 3.38 | AI8: 3.897255 | AJ8: 4.146598 | AK8: 4.599311 | AL8: 2.804302 | AM8: 3.680123 | AN8: 6.9 | AO8: 3.86121 | AP8: 10.139763 | AQ8: 5.43 | AR8: ='Express-Isl'!AS19-'Express-Isl'!AS18 -> 2596 | AS8: ='Express-Isl'!AT19-'Express-Isl'!AT18 -> 1906 | AT8: ='Express-Isl'!AU19-'Express-Isl'!AU18 -> 6761 | AU8: ='Express-Isl'!AV19-'Express-Isl'!AV18 -> 3684 | AV8: ='Express-Isl'!AW19-'Express-Isl'!AW18 -> 3177 | AW8: ='Express-Isl'!AX19-'Express-Isl'!AX18 -> 2222 | AX8: ='Express-Isl'!AY19-'Express-Isl'!AY18 -> 730 | AY8: ='Express-Isl'!AZ19-'Express-Isl'!AZ18 -> 958 | ... BC8: ='Express-Isl'!BD19-'Express-Isl'!BD18 -> 2615 | BE8: =SUM(OFFSET(BE8,0,-1,):OFFSET(BE8,0,-12)) -> 32859
A9: Dunya | B9: 5.392841 | C9: 5.801589 | D9: 3.5 | E9: 4.1 | F9: 3.511227 | G9: 4.368232 | H9: 6.778243 | I9: 6.858292 | J9: 7.271635 | K9: 7.465444 | L9: 5.15349 | M9: 6.726035 | N9: 6.215683 | O9: 6.016273 | P9: 7.557079 | Q9: 4.733232 | R9: 7.721592 | S9: 4.055301 | T9: 4.208695 | U9: 8.878763 | V9: 7.789835 | W9: 5.490564 | X9: 5.751341 | Y9: 5.798986 | Z9: 6.480253 | AA9: 6.41137 | AB9: 9.224103 | AC9: 8.4001 | AD9: 9.079452 | AE9: 5.7008 | AF9: 6.981092 | AG9: 9.449375 | AH9: 4.91 | AI9: 4.16745 | AJ9: 3.884607 | AK9: 3.995217 | AL9: 2.214261 | AM9: 2.457661 | AN9: 5.24 | AO9: 4.223736 | AP9: 7.812407 | AQ9: 4.59 | AR9: ='Express-Isl'!AS26-'Express-Isl'!AS25 -> 4463 | AS9: ='Express-Isl'!AT26-'Express-Isl'!AT25 -> 2561 | AT9: ='Express-Isl'!AU26-'Express-Isl'!AU25 -> 5022 | AU9: ='Express-Isl'!AV26-'Express-Isl'!AV25 -> 4925 | AV9: ='Express-Isl'!AW26-'Express-Isl'!AW25 -> 1677 | AW9: ='Express-Isl'!AX26-'Express-Isl'!AX25 -> 3168 | AX9: ='Express-Isl'!AY26-'Express-Isl'!AY25 -> 1644 | AY9: ='Express-Isl'!AZ26-'Express-Isl'!AZ25 -> 1877 | ... BC9: ='Express-Isl'!BD26-'Express-Isl'!BD25 -> 740 | BE9: =SUM(OFFSET(BE9,0,-1,):OFFSET(BE9,0,-12)) -> 27791
A10: Express | B10: 10.969524 | C10: 10.171639 | D10: 6.8 | E10: 8.5 | F10: 8.684331 | G10: 7.047457 | H10: 8.436609 | I10: 12.652272 | J10: 14.299516 | K10: 15.798025 | L10: 10.868137 | M10: 17.788173 | N10: 15.213326 | O10: 10.44259 | P10: 14.969929 | Q10: 8.872308 | R10: 12.812024 | S10: 9.734548 | T10: 7.953118 | U10: 14.972182 | V10: 14.624626 | W10: 11.168131 | X10: 11.67693 | Y10: 9.731174 | Z10: 11.363284 | AA10: 12.891473 | AB10: 12.218957 | AC10: 13.291525 | AD10: 15.034228 | AE10: 10.867112 | AF10: 13.573459 | AG10: 19.212142 | AH10: 7.23 | AI10: 6.157515 | AJ10: 10.998593 | AK10: 11.005206 | AL10: 6.074474 | AM10: 4.866121 | AN10: 14.14 | AO10: 10.738433 | AP10: 19.966148 | AQ10: 11.34 | AR10: ='Express-Isl'!AS33-'Express-Isl'!AS32 -> 9713 | AS10: ='Express-Isl'!AT33-'Express-Isl'!AT32 -> 10020 | AT10: ='Express-Isl'!AU33-'Express-Isl'!AU32 -> 9285 | AU10: ='Express-Isl'!AV33-'Express-Isl'!AV32 -> 6055 | AV10: ='Express-Isl'!AW33-'Express-Isl'!AW32 -> 4458 | AW10: ='Express-Isl'!AX33-'Express-Isl'!AX32 -> 6340 | AX10: ='Express-Isl'!AY33-'Express-Isl'!AY32 -> 2903 | AY10: ='Express-Isl'!AZ33-'Express-Isl'!AZ32 -> 6002 | ... BC10: ='Express-Isl'!BD33-'Express-Isl'!BD32 -> 6173 | BE10: =SUM(OFFSET(BE10,0,-1,):OFFSET(BE10,0,-12)) -> 70718
A11: % of Jang | B11: =IFERROR(B10/B7,"") -> 0.94837192 | C11: =IFERROR(C10/C7,"") -> 1.2477475 | D11: =IFERROR(D10/D7,"") -> 1.0625 | E11: =IFERROR(E10/E7,"") -> 2.2368421 | F11: =IFERROR(F10/F7,"") -> 0.91095531 | G11: =IFERROR(G10/G7,"") -> 0.98516243 | H11: =IFERROR(H10/H7,"") -> 0.98936092 | I11: =IFERROR(I10/I7,"") -> 1.3960311 | ... BC11: =IFERROR(BC10/BC7,"") -> 0.67251335 | BE11: =IFERROR(BE10/BE7,"") -> 0.85611903
A12: Dunya %of Express | B12: =IFERROR(B9/B10,"") -> 0.49162033 | C12: =IFERROR(C9/C10,"") -> 0.57036914 | D12: =IFERROR(D9/D10,"") -> 0.51470588 | E12: =IFERROR(E9/E10,"") -> 0.48235294 | F12: =IFERROR(F9/F10,"") -> 0.4043175 | G12: =IFERROR(G9/G10,"") -> 0.61983095 | H12: =IFERROR(H9/H10,"") -> 0.80343216 | I12: =IFERROR(I9/I10,"") -> 0.54206011 | ... BC12: =IFERROR(BC9/BC10,"") -> 0.11987688 | BE12: =BE9/BE10 -> 0.3929834
A13: % Market share | B13: =IFERROR(B10/(SUM(B7:B10)),"") -> 0.34146091 | C13: =IFERROR(C10/(SUM(C7:C10)),"") -> 0.35016432 | D13: =IFERROR(D10/(SUM(D7:D10)),"") -> 0.32380952 | E13: =IFERROR(E10/(SUM(E7:E10)),"") -> 0.39719626 | F13: =IFERROR(F10/(SUM(F7:F10)),"") -> 0.32519544 | G13: =IFERROR(G10/(SUM(G7:G10)),"") -> 0.30195275 | H13: =IFERROR(H10/(SUM(H7:H10)),"") -> 0.29531457 | I13: =IFERROR(I10/(SUM(I7:I10)),"") -> 0.33981983 | ... BC13: =IFERROR(BC10/(SUM(BC7:BC10)),"") -> 0.32998343 | BE13: =IFERROR(BE10/(SUM(BE7:BE10)),0) -> 0.33050273
A16: ENGLISH DAILIES
A17: Dawn | B17: 8.925397 | C17: 3.130126 | D17: 4.5 | E17: 1.7 | F17: 4.85034 | G17: 3.535098 | H17: 6.890153 | I17: 7.750591 | J17: 4.610631 | K17: 4.036035 | L17: 4.994423 | M17: 8.892566 | N17: 8.51531 | O17: 7.379283 | P17: 10.164415 | Q17: 6.939106 | R17: 8.112884 | S17: 6.8432 | T17: 6.070644 | U17: 8.797898 | V17: 11.472114 | W17: 8.199006 | X17: 7.551086 | Y17: 9.912228 | Z17: 7.90443 | AA17: 9.679033 | AB17: 11.105393 | AC17: 12.503417 | AD17: 14.453314 | AE17: 9.193202 | AF17: 4.281305 | AG17: 10.725926 | AH17: 4.45 | AI17: 6.920113 | AJ17: 6.874706 | AK17: 8.665294 | AL17: 4.951085 | AM17: 5.363593 | AN17: 7.73 | AO17: 6.271043 | AP17: 10.24397 | AQ17: 8.1 | AR17: ='Tribune-Isl'!DM12-'Tribune-Isl'!DM11 -> 1503 | AS17: ='Tribune-Isl'!DN12-'Tribune-Isl'!DN11 -> 3945 | AT17: ='Tribune-Isl'!DO12-'Tribune-Isl'!DO11 -> 1129 | AU17: ='Tribune-Isl'!DP12-'Tribune-Isl'!DP11 -> 2719 | AV17: ='Tribune-Isl'!DQ12-'Tribune-Isl'!DQ11 -> 1593 | AW17: ='Tribune-Isl'!DR12-'Tribune-Isl'!DR11 -> 2216 | AX17: ='Tribune-Isl'!DS12-'Tribune-Isl'!DS11 -> 1883 | AY17: ='Tribune-Isl'!DT12-'Tribune-Isl'!DT11 -> 1524 | ... BC17: ='Tribune-Isl'!DX12-'Tribune-Isl'!DX11 -> 2068 | BE17: =SUM(OFFSET(BE17,0,-1,):OFFSET(BE17,0,-12)) -> 22620
A18: The News | B18: 4.927373 | C18: 4.285884 | D18: 4 | E18: 2.1 | F18: 5.759281 | G18: 4.854638 | H18: 5.730437 | I18: 3.928739 | J18: 3.091324 | K18: 4.91936 | L18: 5.269125 | M18: 8.226415 | N18: 6.31603 | O18: 4.572295 | P18: 0.884936 | Q18: 4.049208 | R18: 9.351463 | S18: 5.798575 | T18: 6.504462 | U18: 9.52805 | V18: 10.403971 | W18: 7.157437 | X18: 7.163281 | Y18: 7.401809 | Z18: 7.623242 | AA18: 8.40422 | AB18: 8.537264 | AC18: 10.775608 | AD18: 11.304412 | AE18: 8.604616 | AF18: 10.172537 | AG18: 11.980088 | AH18: 8.37 | AI18: 6.563047 | AJ18: 6.411965 | AK18: 6.965774 | AL18: 5.387573 | AM18: 4.642432 | AN18: 8.73 | AO18: 6.436256 | AP18: 11.981895 | AQ18: 8.36 | AR18: ='Tribune-Isl'!DM19-'Tribune-Isl'!DM18 -> 8384 | AS18: ='Tribune-Isl'!DN19-'Tribune-Isl'!DN18 -> 13019 | AT18: ='Tribune-Isl'!DO19-'Tribune-Isl'!DO18 -> 7935 | AU18: ='Tribune-Isl'!DP19-'Tribune-Isl'!DP18 -> 5516 | AV18: ='Tribune-Isl'!DQ19-'Tribune-Isl'!DQ18 -> 5345 | AW18: ='Tribune-Isl'!DR19-'Tribune-Isl'!DR18 -> 7353 | AX18: ='Tribune-Isl'!DS19-'Tribune-Isl'!DS18 -> 7602 | AY18: ='Tribune-Isl'!DT19-'Tribune-Isl'!DT18 -> 7950 | ... BC18: ='Tribune-Isl'!DX19-'Tribune-Isl'!DX18 -> 6614 | BE18: =SUM(OFFSET(BE18,0,-1,):OFFSET(BE18,0,-12)) -> 79478
A19: The Nation | B19: 2.163467 | C19: 2.800238 | D19: 2.8 | E19: 3.2 | F19: 3.007243 | G19: 1.64142 | H19: 3.245232 | I19: 3.7604 | J19: 2.171625 | K19: 3.337991 | L19: 2.148443 | M19: 2.672497 | N19: 3.220387 | O19: 1.188624 | P19: 3.663403 | Q19: 2.542238 | R19: 3.355075 | S19: 1.622215 | T19: 1.222363 | U19: 2.735979 | V19: 2.703951 | W19: 1.847226 | X19: 2.73441 | Y19: 2.190066 | Z19: 2.534855 | AA19: 2.636737 | AB19: 2.455214 | AC19: 1.705554 | AD19: 2.667272 | AE19: 1.485351 | AF19: 3.198224 | AG19: 2.795075 | AH19: 1.82 | AI19: 1.769217 | AJ19: 2.229395 | AK19: 2.201388 | AL19: 1.548157 | AM19: 1.310664 | AN19: 2.65 | AO19: 1.451833 | AP19: 4.28796 | AQ19: 2.29 | AR19: ='Tribune-Isl'!DM26-'Tribune-Isl'!DM25 -> 2105 | AS19: ='Tribune-Isl'!DN26-'Tribune-Isl'!DN25 -> 1682 | AT19: ='Tribune-Isl'!DO26-'Tribune-Isl'!DO25 -> 4434 | AU19: ='Tribune-Isl'!DP26-'Tribune-Isl'!DP25 -> 1854 | AV19: ='Tribune-Isl'!DQ26-'Tribune-Isl'!DQ25 -> 1486 | AW19: ='Tribune-Isl'!DR26-'Tribune-Isl'!DR25 -> 2408 | AX19: ='Tribune-Isl'!DS26-'Tribune-Isl'!DS25 -> 1104 | AY19: ='Tribune-Isl'!DT26-'Tribune-Isl'!DT25 -> 1616 | ... BC19: ='Tribune-Isl'!DX26-'Tribune-Isl'!DX25 -> 2567 | BE19: =SUM(OFFSET(BE19,0,-1,):OFFSET(BE19,0,-12)) -> 23995
A20: Express Tribune | B20: 3.586504 | C20: 2.663305 | D20: 3.6 | E20: 3.5 | F20: 3.599151 | G20: 2.143929 | H20: 3.777123 | I20: 4.989888 | J20: 5.592214 | K20: 5.562293 | L20: 2.51925 | M20: 5.924164 | N20: 5.627517 | O20: 3.27211 | P20: 6.057581 | Q20: 4.678435 | R20: 3.242156 | S20: 2.267138 | T20: 1.827297 | U20: 4.618544 | V20: 3.184154 | W20: 3.237813 | X20: 3.359335 | Y20: 3.038496 | Z20: 3.23041 | AA20: 3.374343 | AB20: 3.324167 | AC20: 3.203327 | AD20: 5.382523 | AE20: 3.692506 | AF20: 5.915981 | AG20: 6.575856 | AH20: 4.06 | AI20: 3.668579 | AJ20: 3.089973 | AK20: 3.567237 | AL20: 2.410568 | AM20: 2.096153 | AN20: 4.83 | AO20: 2.86229 | AP20: 6.270897 | AQ20: 3.92 | AR20: ='Tribune-Isl'!DM40-'Tribune-Isl'!DM39 -> 6238 | AS20: ='Tribune-Isl'!DN40-'Tribune-Isl'!DN39 -> 6319 | AT20: ='Tribune-Isl'!DO40-'Tribune-Isl'!DO39 -> 4032 | AU20: ='Tribune-Isl'!DP40-'Tribune-Isl'!DP39 -> 1756 | AV20: ='Tribune-Isl'!DQ40-'Tribune-Isl'!DQ39 -> 2843 | AW20: ='Tribune-Isl'!DR40-'Tribune-Isl'!DR39 -> 3379 | AX20: ='Tribune-Isl'!DS40-'Tribune-Isl'!DS39 -> 4164 | AY20: ='Tribune-Isl'!DT40-'Tribune-Isl'!DT39 -> 4586 | ... BC20: ='Tribune-Isl'!DX40-'Tribune-Isl'!DX39 -> 2740 | BE20: =SUM(OFFSET(BE20,0,-1,):OFFSET(BE20,0,-12)) -> 36906
A21: % of Dawn | B21: =IFERROR(B20/B17,"") -> 0.40183131 | C21: =IFERROR(C20/C17,"") -> 0.85086191 | D21: =IFERROR(D20/D17,"") -> 0.8 | E21: =IFERROR(E20/E17,"") -> 2.0588235 | F21: =IFERROR(F20/F17,"") -> 0.74204097 | G21: =IFERROR(G20/G17,"") -> 0.60646947 | H21: =IFERROR(H20/H17,"") -> 0.54819146 | I21: =IFERROR(I20/I17,"") -> 0.64380742 | ... BC21: =IFERROR(BC20/BC17,"") -> 1.3249516 | BE21: =IFERROR(BE20/BE17,"") -> 1.631565
A22: % of News | B22: =IFERROR(B20/B18,"") -> 0.72787345 | C22: =IFERROR(C20/C18,"") -> 0.62141323 | D22: =IFERROR(D20/D18,"") -> 0.9 | E22: =IFERROR(E20/E18,"") -> 1.6666667 | F22: =IFERROR(F20/F18,"") -> 0.62493061 | G22: =IFERROR(G20/G18,"") -> 0.4416249 | H22: =IFERROR(H20/H18,"") -> 0.6591335 | I22: =IFERROR(I20/I18,"") -> 1.2700991 | ... BC22: =IFERROR(BC20/BC18,"") -> 0.41427275 | BE22: =+BE20/BE18 -> 0.46435492
A23: % Market share | B23: =IFERROR(B20/(SUM(B17:B20)),"") -> 0.18295931 | C23: =IFERROR(C20/(SUM(C17:C20)),"") -> 0.20678551 | D23: =IFERROR(D20/(SUM(D17:D20)),"") -> 0.24161074 | E23: =IFERROR(E20/(SUM(E17:E20)),"") -> 0.33333333 | F23: =IFERROR(F20/(SUM(F17:F20)),"") -> 0.20905831 | G23: =IFERROR(G20/(SUM(G17:G20)),"") -> 0.1760915 | H23: =IFERROR(H20/(SUM(H17:H20)),"") -> 0.19228904 | I23: =IFERROR(I20/(SUM(I17:I20)),"") -> 0.24424774 | ... BC23: =IFERROR(BC20/(SUM(BC17:BC20)),"") -> 0.19586818 | BE23: =IFERROR(BE20/(SUM(BE17:BE20)),0) -> 0.22641857
A26: SINDHI DAILIES
A27: Kawish | B27: 1.227326 | C27: 0.990093 | D27: 1.18 | E27: 1.1 | F27: 1.035925 | G27: 0.468364 | H27: 1.423686 | I27: 1.614053 | J27: 0.807708 | K27: 1.063571 | L27: 1.876702 | M27: 1.338678 | N27: 2.077531 | O27: 0.345309 | P27: 1.6333 | Q27: 0.573528 | R27: 2.016602 | S27: 0.98012 | T27: 0.332016 | U27: 1.863152 | V27: 1.643205 | W27: 1.241367 | X27: 1.578011 | Y27: 0.881608 | Z27: 1.60295 | AA27: 1.606597 | AB27: 1.087253 | AC27: 1.662814 | AD27: 1.510794 | AE27: 0.693395 | AF27: 1.267398 | AG27: 1.835694 | AH27: 1.279064 | AI27: 0.96437 | AJ27: 1.253304 | AK27: 1.131115 | AL27: 0.344385 | AM27: 0.153533 | AN27: 0.52 | AO27: 0.34802 | AP27: 1.085814 | AQ27: 1.06 | AR27: 961 | AS27: 1280 | AT27: 376 | AU27: 142 | AV27: 338 | AW27: 641 | AX27: 177 | AY27: 468 | AZ27: 292 | BA27: 445 | BB27: 709 | BC27: 57 | BE27: =SUM(OFFSET(BE27,0,-1,):OFFSET(BE27,0,-8)) -> 2789
A28: Ibrat | B28: 0.38305 | C28: 0.76917 | D28: 0.19 | E28: 1.03 | F28: 1.84803 | G28: 0.468717 | H28: 1.718746 | I28: 0.451205 | J28: 0.496594 | K28: 0.168429 | L28: 0.677666 | M28: 0.763807 | N28: 0.743558 | O28: 0.165256 | P28: 0.387889 | Q28: 0.104658 | R28: 1.768545 | S28: 0.293416 | T28: 0.129799 | U28: 1.874388 | V28: 1.316845 | W28: 0.983792 | X28: 0.573794 | Y28: 0.999759 | Z28: 0.743108 | AA28: 1.125953 | AB28: 0.688785 | AC28: 0.952887 | AD28: 0.909105 | AE28: 0.27917 | AF28: 0.396876 | AG28: 0.420854 | AH28: 0.246651 | AI28: 0.532071 | AJ28: 0.424421 | AK28: 0.445359 | AL28: 0.140587 | AM28: 0.041206 | AN28: 0.56 | AO28: 0.069535 | AP28: 0.459446 | AQ28: 0.400727 | AR28: 352 | AS28: 108 | AT28: 540 | AU28: 216 | AV28: 108 | AW28: 324 | AX28: 0 | AY28: 324 | AZ28: 0 | BA28: 324 | BB28: 324 | BC28: 0 | BE28: =SUM(OFFSET(BE28,0,-1,):OFFSET(BE28,0,-8)) -> 1296
A29: Awami Awaz | B29: 0.56785 | C29: 0.461133 | D29: 0.72 | E29: 0.51 | F29: 0.68292 | G29: 0.3611 | H29: 0.732499 | I29: 1.105473 | J29: 0.71763 | K29: 0.474827 | L29: 1.008112 | M29: 2.019166 | N29: 0.837085 | O29: 0.27236 | P29: 1.422699 | Q29: 0.626916 | R29: 1.307462 | S29: 0.748699 | T29: 0.2212 | U29: 0.965906 | V29: 1.161876 | W29: 0.683614 | X29: 0.563532 | Y29: 0.323953 | Z29: 0.487166 | AA29: 1.010912 | AB29: 1.052613 | AC29: 1.36638 | AD29: 0.391847 | AE29: 0.48338 | AF29: 0.69138 | AG29: 1.29338 | AH29: 0.582807 | AI29: 0.763459 | AJ29: 0.108493 | AK29: 0.753166 | AL29: 0.124167 | AM29: 0.1754 | AN29: 0.72 | AO29: 0.483413 | AP29: 0.864629 | AQ29: 0.78 | AR29: 216 | AS29: 45 | AT29: 324 | AU29: 216 | AV29: 108 | AW29: 324 | AX29: 0 | AY29: 324 | AZ29: 0 | BA29: 324 | BB29: 324 | BC29: 0 | BE29: =SUM(OFFSET(BE29,0,-1,):OFFSET(BE29,0,-8)) -> 1296
A30: Sobh | AD30: 0.319182 | BE30: =SUM(OFFSET(BE30,0,-1,):OFFSET(BE30,0,-7)) -> 0
